일자,충전방식,0시,1시,2시,3시,4시,5시,6시,7시,8시,9시,10시,11시,12시,13시,14시,15시,16시,17시,18시,19시,20시,21시,22시,23시
2023-01-01,완속,1064,980,560,336,210,161,196,406,861,1505,1526,1778,1883,1904,2002,2128,2814,2982,2877,2702,2618,1960,1631,1603
2023-01-01,급속,5440,5080,4240,3600,4840,5360,5800,8800,15160,19840,22560,25120,26280,26720,26120,28040,26000,24320,21280,17600,15440,12000,8400,6360
2023-01-02,완속,581,574,329,154,126,112,280,567,1120,868,1078,1379,1449,1358,1477,2002,2863,3689,4102,3493,2702,2597,2310,2310
2023-01-02,급속,4360,3200,2120,2480,3320,4800,8280,12240,19960,24760,26920,28600,34880,31160,30080,33320,32520,31000,25600,24200,19760,14960,10480,6680
2023-01-03,완속,854,420,294,287,133,182,252,525,1134,952,1015,1176,1225,1253,1722,1981,3073,3829,4228,3696,2933,2555,2324,2296
2023-01-03,급속,4560,4320,4200,3440,4040,4720,8280,12920,19520,23360,26920,30800,34680,32600,32680,33880,32840,30920,28000,23520,19760,15960,13000,9280
2023-01-04,완속,896,567,539,154,154,161,350,490,980,1043,1204,1358,1379,1428,1603,2037,3045,3451,3990,3738,2989,2639,2590,2198
2023-01-04,급속,5480,5240,4200,4200,4480,5360,8960,13760,20480,25680,27160,31280,33560,30400,31720,30960,33240,31200,27760,23160,19080,17120,12640,7720
2023-01-05,완속,854,434,427,210,154,231,357,616,931,1120,1267,1323,1309,1540,1344,2149,2772,3444,3899,3661,2863,2611,2422,2380
2023-01-05,급속,5640,5200,4040,3880,4480,4960,8960,13520,19800,25400,27040,31280,34840,33440,34440,32720,33560,30120,26280,25160,20200,15520,12080,9000
2023-01-06,완속,847,490,490,217,224,252,287,560,1057,1155,1183,1218,1274,1708,1778,1883,2660,3563,3843,3500,2814,2443,2464,2429
2023-01-06,급속,5320,4800,3480,3400,3920,6160,9800,13320,21240,25800,28840,34480,34880,33640,33560,36680,32520,30920,27760,22560,18080,15600,12440,8360
2023-01-07,완속,847,672,406,266,259,210,329,602,770,1176,1246,1421,1680,1617,1652,1918,2128,2758,2625,2562,2443,2079,1890,1855
2023-01-07,급속,5800,4480,3720,3640,4520,5840,7120,11400,16720,20040,23000,25800,28160,26760,28160,26680,25800,24320,20040,17520,16200,11720,9360,6280
2023-01-08,완속,798,567,504,252,336,217,224,315,847,1134,1351,1393,1561,1988,1883,2380,2625,2996,2947,2632,2520,2023,1624,1554
2023-01-08,급속,4000,3600,3480,3720,4120,4320,5560,8720,14200,16760,21080,22560,24640,23040,26080,27120,25440,23120,19560,16280,14160,10800,8160,6320
2023-01-09,완속,679,357,315,161,84,98,245,448,882,1001,840,1162,1155,1176,1400,2030,2723,3031,4193,3199,2681,2653,2317,2142
2023-01-09,급속,3440,3400,2560,2320,2840,4760,6280,12280,17120,21040,23600,26840,31440,27400,30960,31960,29880,29160,24720,21600,19200,13880,8840,6440
2023-01-10,완속,735,546,301,217,161,112,392,455,889,959,966,1288,1351,1253,1568,2233,2590,3101,3836,3381,2821,2793,2170,2128
2023-01-10,급속,4480,4080,3360,2960,3320,4840,8000,12600,17160,22440,24640,28200,32840,29440,30040,31160,29160,30240,24960,22640,18720,14800,11800,8400
2023-01-11,완속,784,560,427,420,154,161,301,441,896,1099,1064,1330,1218,1323,1407,2051,2702,3024,3906,3570,3514,2562,2268,2198
2023-01-11,급속,5080,4960,4280,3200,3960,4880,9600,12280,18840,23760,24680,28400,32040,30040,30600,29840,32080,28960,26040,23640,17240,13920,11360,8200
2023-01-12,완속,749,553,420,420,119,161,266,574,847,875,1078,1281,1246,1372,1309,2079,2513,3262,3871,3430,2751,2429,2401,2079
2023-01-12,급속,5560,4720,3960,3160,3280,5080,9480,11880,18320,24040,26160,30120,32560,29400,30560,30080,32440,27760,24560,21280,19200,14640,9840,7200
2023-01-13,완속,854,546,322,168,231,189,259,553,644,1022,1036,1162,1169,1176,1659,1967,2450,3059,3521,3318,2632,2317,2394,2366
2023-01-13,급속,4200,3720,3360,3360,3280,4560,6920,7680,14720,16960,20040,23680,27600,25400,28280,28840,29520,24480,23280,21840,18400,13040,11840,8120
2023-01-14,완속,987,630,392,371,231,336,266,427,770,1141,1218,1183,1484,1512,1540,1988,2198,2429,2408,2443,2170,2170,2086,1736
2023-01-14,급속,4600,3960,3680,3600,4440,5240,6720,9560,15040,17880,21240,23360,24160,24040,24960,25080,25080,20880,18560,14840,12960,10440,7800,5400
2023-01-15,완속,889,868,441,252,259,252,266,336,700,1099,1449,1673,1750,1953,1946,2303,2499,3003,2863,2401,2478,2016,1778,1750
2023-01-15,급속,4160,3040,2960,2960,3400,4240,4960,8000,11640,15640,20240,21240,23960,27560,26080,27040,24400,23760,20920,16200,15200,12120,9280,6680
2023-01-16,완속,714,700,217,182,105,147,266,476,840,847,1120,1267,1316,1316,1358,2030,2772,3521,4137,3661,2709,2639,2478,2359
2023-01-16,급속,4240,2920,3000,2400,2840,4680,7920,11800,17800,22440,25520,32040,33200,33760,36280,34000,35760,33880,30680,27240,22280,16600,11840,8280
2023-01-17,완속,833,448,308,182,133,161,392,490,784,924,1029,1162,1358,1358,1554,2142,2884,3185,4088,3612,2779,2842,2373,2338
2023-01-17,급속,4960,5160,4120,3440,4160,5920,9760,13240,19800,24720,27040,32280,35440,33160,32080,32640,35840,31440,28720,25840,22640,17000,13040,9560
2023-01-18,완속,910,441,441,182,168,161,266,609,847,910,1113,1386,1204,1428,1715,2135,2730,3185,3962,3591,3178,2702,2499,2457
2023-01-18,급속,5080,4920,3600,3960,3640,6280,9360,12600,21000,23680,27880,30600,34680,32480,32000,33840,34240,32520,28640,26760,23080,16840,12800,9440
2023-01-19,완속,917,700,329,231,168,133,245,672,798,1085,1225,1470,1428,1393,1638,2394,2821,3514,3780,3808,3010,2611,2583,2541
2023-01-19,급속,6440,5360,4720,4200,4120,6080,8720,13320,22200,25280,29600,33040,36240,32840,34080,33720,34720,32200,27040,25520,20720,16600,13120,8960
2023-01-20,완속,812,805,434,245,147,175,357,630,1092,1253,1421,1603,1715,1827,1904,2611,2814,3787,4179,3472,2968,2611,2639,1988
2023-01-20,급속,5600,4120,4280,4120,3840,5080,9320,13600,20920,25440,29600,31120,34640,34960,37000,34160,36080,32440,29720,25640,23640,20240,14320,11720
2023-01-21,완속,1078,518,504,413,266,287,266,623,931,1547,1428,1547,1645,1736,1827,1960,2289,2653,2695,2527,2520,2408,1890,1470
2023-01-21,급속,7960,7320,6480,6720,6000,6840,8520,13040,18520,25920,29400,31040,31720,31360,32680,32480,31840,27360,20600,20000,17920,15600,11880,8920
2023-01-22,완속,756,518,301,301,140,133,245,448,1092,1176,1225,1610,1848,1715,1855,1813,2380,2499,2212,2128,2296,2212,2163,1442
2023-01-22,급속,4560,4040,3840,3000,3280,4320,7120,8840,12960,16800,22600,24040,27600,24360,27400,27760,27880,24760,18240,14960,13840,12800,8760,7280
2023-01-23,완속,707,448,434,175,210,175,175,301,595,980,1120,1162,1232,1477,1603,1869,2114,2555,2660,2492,2212,2212,1974,1512
2023-01-23,급속,3840,3400,2560,2240,2960,3400,5160,9600,14800,21440,25560,28600,26480,26320,27560,28040,27600,23720,19720,16760,15000,13280,9920,7840
2023-01-24,완속,700,651,525,336,175,182,231,315,567,994,1239,1400,1701,1778,1785,2058,2149,2863,3038,2870,2394,1855,1792,1722
2023-01-24,급속,4520,4120,3320,4320,4160,3360,5800,7640,11840,16280,20680,23600,27360,28240,28440,29480,28080,28000,23000,19760,17120,14560,10840,7800
2023-01-25,완속,623,595,196,140,105,91,189,546,1015,1071,1162,1470,1323,1533,1722,2107,2632,3801,4438,3808,2681,2359,2324,1862
2023-01-25,급속,6440,4640,3240,2680,3000,4920,7120,11520,19280,25160,29040,35080,40920,37880,37280,38080,39920,34000,31120,27480,22160,19080,13960,9600
2023-01-26,완속,574,560,280,182,119,112,273,525,966,1022,1197,1162,1379,987,1596,1939,2387,3178,3913,3052,2975,2317,2247,2212
2023-01-26,급속,6440,4840,3760,3480,3280,4920,7760,11680,19880,24440,27440,31720,32760,32360,33360,32000,34400,30000,26280,24680,18560,14560,11480,8400
2023-01-27,완속,721,693,420,210,126,133,266,504,784,1064,1078,1092,1295,1344,1365,1701,2205,3136,3997,3619,2639,2485,2513,2436
2023-01-27,급속,5640,4240,3440,3200,3520,4440,8160,12000,20080,24760,27640,32080,36520,35000,34520,35680,35960,32600,28120,25640,22040,18960,14200,9960
2023-01-28,완속,1022,546,539,350,210,203,210,497,777,1155,1246,1505,1680,1652,1813,1876,1988,2702,2604,2625,2541,2177,1939,1834
2023-01-28,급속,7440,6520,4960,4600,4640,5400,8000,12600,17760,22720,27920,31960,32240,32080,33840,31520,30440,27280,21640,19440,18080,15320,11280,7880
2023-01-29,완속,889,882,476,280,210,224,196,462,707,1204,1470,1463,1610,1582,2037,2366,2660,2555,2968,2604,2226,2156,2051,1687
2023-01-29,급속,5000,3680,4480,3640,3840,4040,5560,9120,15440,18400,22320,23840,28280,28240,29480,26880,29000,23360,19960,17560,13440,12240,8680,5640
2023-01-30,완속,532,406,364,112,126,154,266,469,875,882,987,1085,1267,1204,1351,1932,2457,3346,3878,3640,2597,2380,1995,1953
2023-01-30,급속,4240,3600,2960,2000,2720,3920,8080,12520,18240,23280,25160,31240,33440,30960,30840,33720,33320,29840,27880,22360,19600,14360,11080,7040
2023-01-31,완속,777,469,462,217,168,119,224,567,679,1008,1169,1260,1246,1239,1351,2093,2471,3080,3752,3486,2751,2275,2247,2156
2023-01-31,급속,4560,4400,3400,2960,4280,5880,8320,11880,18360,24400,26040,30240,31920,31680,31000,30680,30640,29560,25600,22200,16760,14640,10440,7240
2023-02-01,완속,693,574,567,210,154,175,308,392,840,1008,1127,1197,1127,1274,1533,2163,2499,3318,3682,3479,2674,2485,2240,2219
2023-02-01,급속,4400,3720,2760,3160,3760,4720,7480,10000,16720,21520,24800,29200,31520,30920,30520,30600,30640,29400,25120,21600,17960,13840,10600,7200
2023-02-02,완속,910,462,336,336,98,112,217,406,889,966,1176,1141,1351,1274,1484,1946,2625,2884,3948,3479,2786,2723,2338,2303
2023-02-02,급속,5240,4320,4000,2960,3840,4600,8080,12720,20200,21840,25880,30880,33400,33520,31880,34160,30920,30400,27360,23040,18680,14400,11800,8160
2023-02-03,완속,882,525,511,238,91,140,350,581,959,952,1197,1365,1414,1442,1617,2044,2527,3024,3829,3199,2604,2674,2275,2233
2023-02-03,급속,4600,4720,3680,3640,3880,6160,8360,12360,18920,23480,27520,30240,36120,32360,32040,34400,33280,29600,26440,22560,19440,15760,11840,8160
2023-02-04,완속,882,630,525,350,168,231,259,448,868,1036,1106,1211,1414,1757,1505,1750,1778,2422,2828,2471,2331,2191,2065,2051
2023-02-04,급속,5840,5000,3880,4560,4840,5840,7520,11680,16960,22680,25160,26200,29400,26800,30080,27760,26720,23600,20440,16920,14360,12840,9840,6800
2023-02-05,완속,882,567,567,315,238,91,203,441,707,1057,1379,1323,1554,1659,1911,2499,2254,2793,2695,2863,2457,2394,2107,1631
2023-02-05,급속,4400,3800,2720,3480,3920,3920,5320,8400,13400,17600,20400,22200,24600,25320,26760,25800,24360,22160,20320,15920,15760,10480,7200,5160
2023-02-06,완속,504,427,427,119,70,133,252,462,819,1057,973,1260,1036,1050,1512,1778,2618,2933,3689,3318,2604,2387,2338,2079
2023-02-06,급속,3680,3200,2320,1880,2360,4120,6760,12600,17280,21280,24280,29560,32000,28800,28600,27880,29200,24320,24680,19440,17120,13160,10360,6800
2023-02-07,완속,770,476,238,154,98,126,175,497,854,903,1036,1106,1092,924,1386,1918,2702,3073,3535,3444,2555,2506,2359,1344
2023-02-07,급속,4280,3520,2720,2720,3040,5520,7280,11960,16760,21160,26960,28280,30720,28240,27480,29960,30880,27200,23520,21440,17520,13160,9160,7520
2023-02-08,완속,777,518,518,329,119,133,343,406,826,889,1015,1169,1155,1141,1547,1967,2625,2975,3794,3332,2422,2436,2247,2219
2023-02-08,급속,4480,4120,3040,2360,3880,4840,7240,10920,18200,21320,25360,28800,29880,29400,27600,29960,29440,27560,24400,21000,17600,13560,11200,7840
2023-02-09,완속,826,511,511,259,196,126,224,392,903,1050,1190,1099,1148,1211,1414,1932,2520,3059,3549,3318,2793,2471,2422,2352
2023-02-09,급속,4760,4920,3320,2960,3320,4720,7200,11800,17800,22640,24440,27760,31440,31880,31320,32160,31840,29400,25160,21040,17160,13200,9240,6400
2023-02-10,완속,896,406,399,140,182,154,154,434,896,910,1155,1099,1281,1330,1610,1869,2289,3157,3773,3199,2660,2478,2317,2282
2023-02-10,급속,4240,5120,3600,3400,3520,4920,7880,9840,15880,22000,25920,26840,33200,30720,31760,31400,31760,25920,25160,20880,17480,15200,11920,8720
2023-02-11,완속,945,693,420,259,252,224,259,392,833,861,1218,1274,1351,1596,1547,1659,1890,2520,2625,2373,2233,2142,2079,2009
2023-02-11,급속,5040,4880,4080,3880,3880,6080,7440,11160,17040,19240,24080,27240,29000,26840,29320,28320,26360,22920,19800,16760,14280,11720,10640,7120
2023-02-12,완속,861,588,357,322,189,133,224,441,595,1071,1267,1358,1589,1393,1722,1953,2485,2688,2555,2380,2429,1820,1652,1638
2023-02-12,급속,4240,3720,3120,2840,4080,3560,5560,8920,13760,16840,22360,22240,23920,23480,23960,23480,24480,21240,17880,15000,13400,10080,7880,5760
2023-02-13,완속,742,455,210,112,91,154,273,406,686,903,1141,1211,1113,1162,1246,1694,2576,2905,3675,3213,2387,2443,2086,1435
2023-02-13,급속,3600,3160,2320,2240,2200,4000,6640,9600,15960,20280,23400,26760,29920,27880,27640,31160,29400,28400,24760,20320,16800,12760,9080,7000
2023-02-14,완속,693,525,518,196,189,154,364,511,840,742,1106,1106,1197,1092,1484,1988,2345,3248,3276,3549,2730,2562,2436,2387
2023-02-14,급속,4600,3840,2320,2400,3040,5160,7920,11240,18240,20160,22600,28240,29720,27840,28440,27600,30800,26160,24840,22280,17200,13320,10000,7320
2023-02-15,완속,686,609,406,406,140,119,329,427,875,805,973,1183,1162,1225,1617,1904,2338,3143,3472,3521,2667,2723,2688,1974
2023-02-15,급속,4520,4040,4080,3000,3800,4360,8440,11080,16440,21680,24760,27440,32440,26880,29840,32000,30120,27880,26240,20560,17800,14720,10560,7560
2023-02-16,완속,847,574,539,217,175,119,231,420,721,756,1183,1337,1155,1183,1372,1946,2464,3122,3570,3612,2674,2394,2471,2373
2023-02-16,급속,3840,4400,3120,2680,3280,5080,7600,11160,18080,23080,25520,29400,30280,30280,30160,30280,29800,30040,25480,20920,17520,13520,12160,9400
2023-02-17,완속,882,546,385,231,154,161,210,441,959,854,1001,1372,1190,1386,1561,2072,2408,3115,3290,3178,2660,2534,2254,2205
2023-02-17,급속,4520,4200,4120,3200,3680,5840,9080,12080,19480,25000,25760,30320,32120,32080,30880,31960,31480,29440,25360,21080,17320,16040,11920,7640
2023-02-18,완속,1001,546,546,336,273,203,273,462,735,1092,1225,1253,1645,1498,1463,1701,1918,2408,2471,2184,2205,2030,1890,1848
2023-02-18,급속,5200,4680,3720,3400,4560,4840,7560,11000,15960,20480,22080,23800,25280,25800,25760,25600,24880,23560,19000,15880,13320,11000,8800,6640
2023-02-19,완속,1029,1008,378,287,231,196,238,343,665,861,1092,1225,1456,1687,1708,2023,2289,2625,3073,2555,2520,2044,1715,1673
2023-02-19,급속,4040,2760,2800,3160,3000,3600,6000,8560,12480,16360,19680,21320,22440,24560,24880,24760,23920,23480,20040,18320,15360,12840,9480,6960
2023-02-20,완속,546,539,217,105,119,189,224,539,763,924,1281,1232,1197,1092,1470,1967,2478,3010,3962,3493,2597,2527,2233,2205
2023-02-20,급속,4760,3480,2400,2160,2640,4240,7760,11560,17480,21280,24640,27000,30560,29640,32080,30720,31640,28880,27360,21760,18240,13320,11880,8360
2023-02-21,완속,714,581,343,336,147,147,238,553,784,924,854,1218,1204,1218,1302,1911,2457,3052,3836,3318,2891,2870,2415,2366
2023-02-21,급속,4800,3960,3680,2400,3000,4920,8280,13040,18080,22480,27240,37160,35920,29440,31160,31640,32880,29600,26360,22640,20120,14120,10640,7400
2023-02-22,완속,742,560,560,168,91,154,273,448,763,896,1008,1169,1218,1323,1302,1967,2625,3206,3640,3297,2639,2583,2345,2324
2023-02-22,급속,5480,4840,3600,3280,3600,4600,8240,13440,19640,23600,26920,31520,33880,27360,30040,30600,32360,28000,27920,22760,18240,13200,11000,8360
2023-02-23,완속,777,504,504,189,140,175,329,441,770,623,1022,1169,1358,1414,1330,1974,2233,3185,3584,3367,2982,2527,2289,2233
2023-02-23,급속,4240,4360,3440,3400,3040,5320,8000,11200,20120,21400,26400,29800,33080,30480,31720,31040,32080,28880,27240,23040,18000,13840,12240,8880
2023-02-24,완속,931,518,518,301,182,119,210,504,791,791,1225,1099,1246,1344,1680,1792,2534,2821,3794,3304,2968,2681,2492,2422
2023-02-24,급속,4840,4120,3080,3080,4160,5040,8040,13080,19040,23400,26160,30080,32320,32840,31200,31040,31760,28840,25760,23080,19520,15400,12600,9080
2023-02-25,완속,868,567,462,322,245,196,315,455,791,973,1176,1155,1344,1386,1652,1715,2205,2317,2723,2464,2198,2338,1988,1946
2023-02-25,급속,5440,4680,4040,4440,3840,4520,9240,12440,17560,22280,25120,30160,29440,28840,29480,29240,28600,25720,22440,19600,15480,11160,10360,7200
2023-02-26,완속,770,532,525,252,210,217,161,371,875,959,1372,1190,1323,1673,1764,1960,2254,2884,2863,2989,2436,2233,1589,1190
2023-02-26,급속,4400,4960,3680,3680,2960,4320,5600,10880,15640,18520,23200,23840,26200,26240,25720,26520,25160,23760,21320,17600,15800,11960,9000,7120
2023-02-27,완속,588,581,399,147,105,154,217,399,770,805,994,1134,1155,1134,1323,1575,2352,2975,3794,3339,2688,2625,2359,2310
2023-02-27,급속,4120,2960,2360,2240,2880,4480,8560,11240,17520,22760,26200,30840,33320,30640,31800,29520,30360,26960,27120,22360,19840,13600,10880,7160
2023-02-28,완속,854,847,266,203,189,203,224,483,749,903,875,1148,1148,1365,1302,1666,2121,2863,3290,3136,2744,2499,2373,2345
2023-02-28,급속,5640,4160,3160,2560,3240,4880,7000,13840,18440,22720,25120,29080,32840,28840,27840,30080,29400,28800,25760,23040,19400,14080,11640,7760
2023-03-01,완속,1050,1043,539,427,203,217,273,469,854,1043,1260,1302,1309,1337,1596,1806,2352,2842,3024,2716,2499,2233,1806,1750
2023-03-01,급속,6280,4520,3400,3240,4600,4880,7640,13200,16000,18440,22360,21960,24760,26560,29080,27120,27880,26840,25480,20560,19640,15800,12160,8240
2023-03-02,완속,679,665,448,133,133,147,301,476,917,847,917,1197,1127,1190,1330,1778,2254,2905,3626,3262,2499,2520,2338,2317
2023-03-02,급속,4560,3440,1960,2480,3200,4240,7720,11520,17680,20200,22800,27440,31440,29320,29720,30160,30480,29280,25960,22240,19400,14240,10360,7400
2023-03-03,완속,735,546,343,343,182,182,231,476,938,924,1001,1218,1141,1197,1372,1862,2380,2926,3682,3346,2471,2499,2576,2527
2023-03-03,급속,4400,3760,3600,2680,3520,5800,8800,14000,21560,22240,23960,30440,32560,32320,30120,30760,32200,28040,26080,20680,19160,13880,11680,8680
2023-03-04,완속,868,630,455,322,280,119,273,532,749,924,1204,1106,1456,1526,1400,1666,2009,2282,2520,2254,2282,2037,2142,2072
2023-03-04,급속,4320,3720,4480,3720,4200,5040,8360,11920,15920,20960,22120,24840,28040,25120,27320,26760,25600,22200,20240,15520,13560,12160,8080,5080
2023-03-05,완속,924,574,560,329,287,119,252,434,672,847,1197,1288,1505,1596,1743,1890,2079,2450,2737,2772,2408,2177,1603,1582
2023-03-05,급속,3760,3760,2320,3320,2640,3040,5240,9760,14400,16280,21160,20720,21560,22560,23200,23160,20720,21360,18920,16280,13840,11160,8000,5520
2023-03-06,완속,483,371,364,154,91,140,322,595,903,763,854,952,1008,994,1253,1799,2079,3024,3528,3353,2387,2555,2037,2023
2023-03-06,급속,3360,2880,1920,1920,2400,4320,8000,11440,17080,20040,22360,27600,29400,27480,26480,25240,27520,25600,24400,19680,15800,11960,8360,5960
2023-03-07,완속,777,462,455,161,140,126,182,455,840,763,854,1113,868,1029,1197,1862,2268,2905,3297,3178,2583,2478,2541,2499
2023-03-07,급속,4160,3840,2760,2440,2600,4880,8280,10000,16720,19360,21760,26720,29320,25720,25280,26840,28000,25000,23880,21280,15400,12240,9400,6520
2023-03-08,완속,742,434,434,252,182,161,252,476,840,770,931,1001,952,945,1246,1925,2037,3045,3605,3227,2695,2205,2198,2212
2023-03-08,급속,4240,3800,2840,2360,3240,4800,8040,12160,17120,17080,22280,25160,27880,24720,25240,25480,26960,24280,23360,18240,17160,12600,8720,5600
2023-03-09,완속,854,854,329,224,217,133,301,329,917,728,784,805,1029,959,1092,1631,2191,2919,3472,3213,2639,2709,2240,2163
2023-03-09,급속,4040,2640,2240,3000,3120,4680,7400,10800,16360,19680,21600,25880,27880,26440,24880,25040,26840,27920,23840,18480,17040,12400,9680,6760
2023-03-10,완속,756,735,420,182,168,147,210,455,938,1022,896,1120,1008,1190,1246,1855,2177,2786,3514,3024,2772,2436,2597,2548
2023-03-10,급속,4960,3960,3040,2560,3080,5440,8640,12480,17920,19480,21720,26440,29880,27520,28440,25160,28920,26080,22880,20560,16360,12120,9480,6400
2023-03-11,완속,910,896,511,350,203,175,259,490,721,938,896,1036,1267,1519,1316,1722,2002,2086,2366,2485,2303,2177,1995,1967
2023-03-11,급속,5320,3760,3640,4080,3680,4560,7960,11600,15200,18840,20760,21600,23560,22920,22520,21440,23320,21800,18520,16200,12400,9080,7960,5360
2023-03-12,완속,742,483,406,329,259,112,203,441,595,875,1078,1008,1421,1421,1848,2016,2170,2268,2527,2695,2408,2296,1596,1547
2023-03-12,급속,3160,2680,2760,2560,3040,3480,5080,8600,11120,12840,17320,16040,19160,18480,19920,21120,20800,20920,18600,15320,14160,9600,7480,5120
2023-03-13,완속,490,490,203,133,56,119,210,490,875,868,1064,1141,945,1218,1295,1771,2275,3038,3360,3360,2611,2569,2156,2135
2023-03-13,급속,3880,2800,2080,1800,2600,5000,8360,12400,17600,21680,23280,29440,31200,28960,26440,27640,27680,29720,24960,20760,16600,12480,9840,7200
2023-03-14,완속,777,420,413,126,140,112,322,602,770,875,1043,1176,1197,1127,1477,1736,2387,2849,3605,3304,2744,2457,2359,2303
2023-03-14,급속,4040,3520,2560,2000,3880,4360,9040,12120,19040,20960,23560,29200,31840,27240,28800,28360,29840,27760,25960,20680,17680,13640,10400,6880
2023-03-15,완속,679,476,462,182,105,189,287,434,826,798,1141,987,917,1043,1316,1953,2247,2863,3500,3395,2513,1988,2387,2352
2023-03-15,급속,4920,3920,2800,2720,3400,4440,8080,12040,16520,20040,22520,26840,30040,24400,25960,26080,26360,28560,24680,20680,15560,13120,8480,5880
2023-03-16,완속,756,735,539,203,147,154,210,427,1001,749,1071,1043,966,1162,1351,1701,2401,3052,3150,3353,2639,2464,2464,2422
2023-03-16,급속,5360,3760,2440,2280,3200,4880,8120,12560,17520,20000,23360,27440,29840,26640,26080,26480,27800,26920,25480,22080,16560,12720,10440,7240
2023-03-17,완속,763,644,371,294,161,189,329,455,980,938,931,910,1036,1050,1316,1785,2079,3108,3290,3290,2779,2394,2499,2464
2023-03-17,급속,4320,4320,3760,3360,3400,4880,8680,12800,19920,23560,22080,25920,32200,28680,28320,28240,30560,28120,27480,21840,17880,15400,10960,6960
2023-03-18,완속,819,602,441,280,259,224,252,588,679,1141,1246,1106,1386,1337,1617,1575,1687,2254,2562,2751,2492,2233,1939,1470
2023-03-18,급속,4360,3640,3520,3880,4280,4480,8320,13040,16960,19840,23000,24480,27320,24800,23520,25760,25360,22640,21000,16600,13600,12000,7840,6200
2023-03-19,완속,847,609,483,266,189,161,308,455,693,1078,1232,1267,1253,1561,1610,2002,1995,2555,2821,2604,2660,2198,1834,1771
2023-03-19,급속,4280,3320,2840,2880,3360,3760,6400,10400,13760,18080,21000,22600,21440,23280,22720,23680,22160,22360,20120,16040,13840,10640,8440,5480
2023-03-20,완속,574,553,266,98,91,175,329,455,1015,812,833,1036,1085,1022,1477,1757,2352,2905,3542,3437,2254,2436,2016,1995
2023-03-20,급속,4200,2800,2160,1840,2960,4440,7760,10840,17320,21640,22720,27840,29920,26440,26560,26120,26320,26400,23880,19880,16000,12280,8920,5760
2023-03-21,완속,700,560,329,196,217,70,294,413,854,714,875,1036,1106,1127,1477,1904,1988,2583,3381,3143,2814,2408,2373,2163
2023-03-21,급속,3200,2880,2840,2760,2920,4520,9240,13000,15520,17920,21480,25720,27000,26040,25200,28280,27160,24360,25320,19200,14440,12280,8560,5840
2023-03-22,완속,721,469,462,203,147,154,294,448,980,798,805,917,1022,1078,1407,1925,2268,2989,3332,3122,2688,2338,2296,2107
2023-03-22,급속,3680,3760,2960,2720,3000,4120,8360,12040,16560,17240,21880,25960,27680,27400,25960,26960,27000,24080,23480,19680,14960,10960,8080,5480
2023-03-23,완속,686,511,399,147,112,133,224,392,840,791,819,854,1008,854,1414,1757,2177,2611,3388,3332,3220,2254,2268,2226
2023-03-23,급속,3400,2760,2720,2160,2920,4360,6400,10200,12640,15840,19600,25440,26320,24680,25640,24880,28000,24880,25320,19040,13080,11840,9520,6480
2023-03-24,완속,854,588,357,175,140,224,266,525,973,861,1085,1267,1239,1106,1358,1757,2359,2856,3563,3290,2828,2331,2345,2310
2023-03-24,급속,4000,3240,2960,2320,3480,4960,8960,12600,19200,20000,23680,27480,32920,27720,27160,29480,27080,26400,23800,19600,16560,13320,10480,6960
2023-03-25,완속,1127,833,357,308,182,238,378,560,812,1029,1197,1162,1190,1428,1421,1645,1876,2219,2366,2387,2408,2408,1988,1953
2023-03-25,급속,3920,3480,3720,3720,3720,5120,8840,12080,17480,20120,22200,23400,24280,25960,26200,25600,24800,22720,18320,17000,13320,10800,8440,5240
2023-03-26,완속,805,462,385,357,245,154,322,525,630,973,1071,1148,1372,1435,1631,1813,2240,2814,2674,2793,2604,2163,1946,1918
2023-03-26,급속,3600,3440,3760,2920,2960,3680,6440,10800,13880,16640,19120,20200,21680,22440,22160,23040,22960,20200,19520,15760,15720,11160,8000,4800
2023-03-27,완속,644,385,371,147,98,133,259,483,812,721,1022,973,1029,1169,1358,1750,2268,2779,3682,3227,2429,2555,2233,2226
2023-03-27,급속,3840,3120,2400,1840,2320,3560,8320,12080,18840,22080,23240,27360,31480,27960,27240,27840,27640,28200,25000,20800,15800,12800,10600,7240
2023-03-28,완속,700,406,399,168,126,175,287,406,987,728,693,1064,1071,1099,1106,1953,2345,3150,3437,3052,2723,2660,2373,2345
2023-03-28,급속,3760,3680,2960,2480,2840,4800,9160,12200,17560,21480,23600,27040,28760,28680,27800,28240,28880,27440,26800,19920,16120,11200,9600,6880
2023-03-29,완속,700,476,315,315,126,126,217,581,854,770,847,973,840,1134,1379,1743,2184,3003,3633,3367,2569,2506,2338,2317
2023-03-29,급속,4600,3720,3080,2320,2640,5240,9680,12200,19200,21040,22480,25440,30280,25480,26520,27680,25480,26760,26040,19600,15960,13120,9520,6320
2023-03-30,완속,707,490,343,217,140,210,280,448,945,784,847,959,966,1057,1372,1757,2198,2898,3374,3416,2688,2590,2296,2261
2023-03-30,급속,4000,3800,2840,2720,2680,5600,9000,12800,18920,20200,21600,25240,28840,25200,28320,27960,27440,28240,24000,19480,16760,12960,9840,6680
2023-03-31,완속,749,539,532,168,182,168,280,595,938,1036,833,1085,1015,1148,1197,1848,1918,2947,3584,3703,2702,2450,2513,2457
2023-03-31,급속,4440,3600,2800,3160,3160,4920,9480,13640,19280,18400,22480,24080,27440,26760,28280,27440,28720,29160,24920,22960,17800,15000,12600,8000
2023-04-01,완속,1050,1029,511,266,294,182,441,560,777,875,1162,1141,1267,1484,1414,1596,1862,2016,2485,2485,2443,2373,2184,2149
2023-04-01,급속,4880,3480,4320,3520,3840,4760,9680,12680,16960,18920,21600,24400,24040,26240,25640,24160,23600,22480,19120,17840,14840,11200,8920,5040
2023-04-02,완속,791,595,392,273,231,175,287,427,756,945,1113,1064,1337,1519,1764,1939,2296,2527,2688,2772,2674,2282,2247,1855
2023-04-02,급속,3520,3360,2600,3440,2800,3840,7160,10680,14280,16320,19240,20480,21040,21600,22920,22800,21920,20360,17800,17000,15160,10880,7160,4560
2023-04-03,완속,672,651,434,238,119,126,308,406,700,805,924,854,980,959,1393,1638,2422,2947,3584,3024,2681,2289,1946,1925
2023-04-03,급속,4520,2880,2120,1280,2200,3840,8000,11360,15880,18560,19960,24560,28200,25440,26000,25680,25200,26840,22440,20440,15760,11520,9000,6240
2023-04-04,완속,728,721,462,210,175,77,308,483,875,854,784,945,1015,1274,1246,1694,2156,2786,3451,3066,2639,2240,2219,2191
2023-04-04,급속,3720,2600,1920,1760,3040,4680,8480,12200,16280,19360,21720,25200,27440,25920,25400,26880,27360,24840,20520,17640,13280,9920,8160,4840
2023-04-05,완속,749,735,336,224,98,98,280,385,861,742,770,1008,987,1036,1358,1722,1848,2856,3416,3332,2436,2499,2058,2044
2023-04-05,급속,3280,2560,2400,2200,2960,3480,5720,8360,11720,15680,18040,20160,22600,22080,21960,24560,23760,24960,22720,19240,13880,12360,9040,6080
2023-04-06,완속,756,476,294,168,112,168,322,539,938,966,889,1120,980,1148,1316,1666,2373,3129,3836,3017,2814,2597,2394,2338
2023-04-06,급속,3400,3400,2760,2560,3160,4920,8640,12360,17680,19720,23760,25280,28320,26800,28720,30480,27760,25800,26200,19680,14680,12040,9000,6440
2023-04-07,완속,721,707,315,196,245,140,420,651,1043,805,1001,1148,1211,1358,1477,1673,2352,2961,3577,3290,2891,2646,2639,2590
2023-04-07,급속,4880,3320,2720,2800,3720,5960,10040,14560,19920,20560,23240,26360,34200,29560,29960,29440,30120,28120,25680,24800,19120,15080,11800,7920
2023-04-08,완속,966,693,392,343,245,266,448,574,665,1127,1190,1113,1239,1393,1561,1799,1876,2275,2359,2625,2597,2163,1960,1673
2023-04-08,급속,4760,4160,3840,3560,4360,5400,10600,13640,18480,20960,22720,24960,24520,26840,26040,26920,27080,23480,22160,17840,15240,11480,8920,5720
2023-04-09,완속,910,609,392,245,175,210,245,497,777,931,1183,1127,1323,1631,1897,1932,2233,2436,2590,2849,2618,2457,1561,1519
2023-04-09,급속,4200,3560,2720,3000,3160,3880,8040,10600,13680,18360,20280,21840,22160,23680,21480,22720,22240,21480,17840,18240,14800,10960,8000,5280
2023-04-10,완속,623,357,196,105,133,105,259,441,987,910,889,1064,1113,952,1386,1981,2184,2982,3500,3052,2730,2198,2205,2170
2023-04-10,급속,3040,3320,2440,1920,2840,3880,9040,11120,16280,19360,22640,25600,28200,27280,26200,27400,29400,25320,25720,20000,15880,12080,8000,5480
2023-04-11,완속,728,378,371,196,175,154,301,441,861,763,763,1036,938,924,1414,1729,2100,2800,3199,3073,2457,2415,2366,2338
2023-04-11,급속,3800,3240,2360,2440,2480,3680,9280,11760,16000,19200,20480,25160,26280,24360,24480,24560,24520,23360,22440,19240,14200,10160,8040,5520
2023-04-12,완속,707,469,455,189,105,126,287,490,833,742,812,917,1008,973,1225,1778,2121,2891,3731,3248,2807,2338,2352,2331
2023-04-12,급속,3080,3080,2280,2600,2720,4640,9240,11480,17080,20160,21000,25400,28960,24320,25920,25800,26280,25600,24160,21320,16400,12720,9640,6760
2023-04-13,완속,896,882,399,168,182,168,308,434,924,812,896,1036,1008,1127,1330,1673,2233,3150,3584,3276,3003,2625,2541,2366
2023-04-13,급속,4200,3120,2680,2280,3040,5120,10280,11160,17680,22600,22360,25800,28240,26640,26000,25320,27960,26160,24680,21800,15520,13280,8200,5480
2023-04-14,완속,875,875,357,224,161,140,203,483,1036,952,854,1092,1015,1099,1386,1750,2345,2884,3248,2989,2555,2611,2345,2275
2023-04-14,급속,5240,3600,3160,2520,3400,5560,9680,13600,17720,19600,20840,25840,27080,26640,25160,25240,25800,24000,23680,17320,16000,13440,10520,7000
2023-04-15,완속,854,616,476,336,133,203,280,469,672,889,973,1050,1344,1379,1470,1610,2044,2114,2338,2051,2373,2520,1918,1435
2023-04-15,급속,4400,3520,2920,3480,3880,5560,9240,11160,14920,17480,21480,20400,21520,22040,24400,22320,21800,23200,17280,16120,13600,9880,7960,5480
2023-04-16,완속,910,532,392,357,182,168,336,385,693,987,1036,1260,1512,1393,1589,1841,2072,2436,2478,2611,2450,2310,1512,1477
2023-04-16,급속,3640,2960,2400,2400,3240,3640,7720,10560,14000,15920,19120,18960,21480,22120,20760,21320,21840,19720,18560,16920,13760,9880,8280,4880
2023-04-17,완속,623,385,210,203,119,126,273,490,987,770,798,889,994,1246,1358,1925,2233,2919,3486,3101,2331,2198,2079,2051
2023-04-17,급속,3400,2400,2560,1600,2560,4880,8160,12560,18120,20240,21320,26840,27760,28040,26520,25080,25640,27720,24760,20400,16200,12400,9160,6280
2023-04-18,완속,777,399,385,161,147,140,252,343,896,672,875,889,882,980,1281,1750,2282,2828,3367,3199,2387,2499,2205,2170
2023-04-18,급속,3240,3320,2560,2320,3200,4840,8520,8480,14560,17840,20240,21560,27240,24240,24360,25160,24320,25320,20920,19000,14080,11640,8400,5680
2023-04-19,완속,777,476,455,259,196,168,266,469,889,854,728,1078,882,945,1267,1694,2562,3045,3360,3220,3066,2429,2065,2023
2023-04-19,급속,3560,3160,2320,2000,3360,4840,9400,11440,15440,19240,19880,23520,26400,24560,24800,25560,26120,27000,22320,19480,15640,12520,9520,6480
2023-04-20,완속,854,833,287,161,140,203,280,434,819,819,840,945,945,1099,1260,1610,2170,2709,3514,3255,2926,2653,2373,2352
2023-04-20,급속,4560,2920,2920,2640,3000,4680,9480,10920,15480,18920,20600,24360,28240,25760,25120,26760,26800,26360,21520,21080,16640,10800,9160,6080
2023-04-21,완속,665,546,357,161,203,147,315,462,1113,791,833,1085,1099,1211,1498,1813,2002,2919,3535,3143,2849,2485,2534,2457
2023-04-21,급속,3720,3240,2640,2800,2880,5480,9360,11920,16360,19240,19880,24280,29360,27200,24520,28040,26880,28520,24400,21280,17520,14400,11160,7120
2023-04-22,완속,973,945,518,357,189,210,343,455,777,868,1218,1071,1519,1344,1442,1666,1876,2191,2352,2331,2359,2114,2128,2079
2023-04-22,급속,5120,3360,3280,4000,3320,4960,7840,11160,15480,17280,21200,20720,24120,22720,22560,24280,23120,22160,18480,16360,13360,11280,8120,5200
2023-04-23,완속,826,539,420,357,217,182,392,469,763,973,1295,1029,1330,1484,1645,1645,1953,2478,2590,2611,2590,2163,1624,1568
2023-04-23,급속,3400,2680,1920,2240,2560,4080,6520,9680,13200,15840,19040,19560,19600,20400,19400,21920,21000,20320,18760,15440,12200,10240,7440,4920
2023-04-24,완속,623,595,224,161,133,154,294,392,889,889,812,917,1043,1155,1001,2002,2086,2793,3311,3024,2506,2324,2142,1365
2023-04-24,급속,3520,2400,1880,1720,1920,4840,7120,10640,16240,18880,20760,23600,25960,26320,25160,24960,25920,25360,23880,18120,15600,10680,8200,5920
2023-04-25,완속,763,420,420,154,126,189,266,378,833,588,784,931,994,875,1218,1610,1918,2618,3325,3276,2310,2408,2079,2044
2023-04-25,급속,3560,3560,2400,1840,3440,4360,8120,9720,14840,16600,18880,21120,25400,23040,25000,24920,26880,23320,21680,16360,15160,11120,8320,5680
2023-04-26,완속,805,798,329,182,112,175,287,448,777,868,896,1190,840,1211,1288,1890,2450,2919,3332,3318,3234,2562,2135,2093
2023-04-26,급속,4200,3280,2280,2280,3080,5440,9880,13000,19120,20400,23520,26240,30400,27120,26000,28960,28160,28040,26920,22440,15560,13000,10560,7440
2023-04-27,완속,770,567,546,231,161,189,315,462,994,1001,875,1099,1043,1253,1323,1715,2296,2996,3619,2975,2506,2317,2254,2219
2023-04-27,급속,4160,3520,2600,2240,3520,5640,9080,14000,18680,20560,24120,27400,28000,25680,27040,25920,28280,28320,24280,20720,17680,13760,9800,6240
2023-04-28,완속,854,833,357,308,168,210,301,616,1057,777,994,1113,1197,1099,1344,1960,2373,2611,3570,2884,2891,2569,2534,2471
2023-04-28,급속,4480,3200,3240,3000,2880,5800,10320,12920,20160,19560,22760,26640,29880,27440,28280,27760,27240,27520,25640,21200,17800,15760,10600,6680
2023-04-29,완속,1029,504,406,273,196,210,371,483,819,973,875,1057,1344,1351,1442,1638,1848,2219,2275,2212,2394,2135,2121,2065
2023-04-29,급속,4200,4080,3280,2480,3040,4880,7400,10000,13760,17600,19160,19080,21640,21840,23280,24240,23120,21080,19160,17240,13440,11320,8480,5520
2023-04-30,완속,763,581,581,259,224,245,322,420,735,1015,1043,1141,1253,1337,1561,1652,2100,2289,2744,2415,2576,2240,2009,1995
2023-04-30,급속,3760,3360,2360,2920,3440,5160,8360,10440,14360,17960,21080,24040,22640,22960,24160,22440,23840,22160,21760,17000,14600,10840,8960,5800
2023-05-01,완속,770,497,497,140,168,133,371,574,819,952,1043,861,1232,1190,1456,1722,2065,2912,2793,2597,2387,2359,2135,2086
2023-05-01,급속,3400,3000,2240,2280,2480,5000,7720,11480,15680,18240,20200,23600,22800,23520,23120,23760,23240,23200,21160,17960,16360,11680,7320,4600
2023-05-02,완속,791,455,448,182,112,168,301,448,840,777,791,924,1008,1197,1400,1932,2303,2961,3493,3339,2716,2674,2373,2345
2023-05-02,급속,3160,2840,2200,2120,3240,5520,8680,10440,15760,18840,22160,25880,27520,26240,25760,27160,27960,26040,23480,19920,17160,11560,8200,5560
2023-05-03,완속,798,504,497,224,147,182,266,546,805,707,917,1232,1085,1064,1358,1834,2429,2800,3297,3416,2562,2471,2233,2191
2023-05-03,급속,3960,3720,2600,2200,2640,6200,8960,13440,15920,18720,21280,23440,27120,25760,24600,26080,27360,27160,24680,20840,15800,12800,8960,5600
2023-05-04,완속,959,427,420,182,126,154,238,539,875,945,1127,1176,1148,1330,1659,1701,2261,2842,3339,3157,2863,2555,2345,2303
2023-05-04,급속,4040,3640,2520,2960,3080,5160,10200,11000,17680,19600,21360,26240,29520,28000,28960,26080,28040,25800,23600,20720,18000,12040,11840,7680
2023-05-05,완속,1365,1323,462,343,203,224,315,546,749,868,1099,1085,1106,1267,1386,1610,1799,2163,2156,2170,2023,2093,1554,1505
2023-05-05,급속,11080,6840,3200,2880,3560,4640,8880,11320,14960,15520,19480,18120,21920,21480,22120,22320,18400,19000,16280,14440,11800,9520,6800,4560
2023-05-06,완속,700,427,385,259,126,133,217,504,756,749,938,1148,1302,1337,1351,1582,1848,2072,2254,2562,2268,2380,2338,1260
2023-05-06,급속,3120,2520,2120,2200,2240,4480,6640,8200,13480,16760,19480,21400,23360,25200,25080,23840,25320,20920,18800,17280,15480,11840,7960,5840
2023-05-07,완속,868,504,497,252,259,196,364,434,700,784,1183,1085,1393,1449,1631,2051,2366,2240,2562,2534,2800,2471,1953,1883
2023-05-07,급속,3720,3400,2240,2040,2840,4080,7800,10120,13280,15480,19840,20600,21360,21920,22760,23480,23280,20280,18720,18520,14800,12160,9000,5760
2023-05-08,완속,539,448,448,196,84,161,259,525,1001,875,1071,1134,1113,1155,1470,1918,2520,2961,3171,3493,2849,2492,2317,2289
2023-05-08,급속,3520,2760,2080,2200,2720,5360,8960,11520,16360,18680,23040,24920,28120,25800,26280,27080,28760,27360,22880,20880,18200,13000,9200,6280
2023-05-09,완속,735,721,266,196,119,196,259,497,924,959,973,1078,1008,1400,1533,1974,2492,2905,3346,3087,2667,2352,2415,2373
2023-05-09,급속,4200,2920,2240,2160,2960,6040,9400,12720,16360,18600,21440,25080,26720,26800,25920,26040,27760,25160,23800,21160,15480,12440,10280,6600
2023-05-10,완속,763,763,238,196,154,175,315,511,889,875,959,959,1253,1022,1316,2079,2100,3010,3290,3304,2695,2401,2443,2394
2023-05-10,급속,4160,2920,2120,2120,2360,5840,9560,12200,17240,18720,20920,22720,29080,26080,25160,26320,26080,24160,23680,20240,16880,12080,9840,6920
2023-05-11,완속,763,756,420,252,140,147,280,392,1036,770,945,1176,1064,1211,1589,2093,2345,3115,3563,3213,2828,2604,2282,2219
2023-05-11,급속,4440,3160,2680,2720,2520,5640,10360,11960,15920,20440,23960,25520,26440,25600,25280,28400,26000,26880,24200,20120,17120,13320,9800,6760
2023-05-12,완속,847,595,315,196,161,231,364,553,994,952,980,1246,1246,1281,1638,1988,2184,2863,3696,3220,2569,2422,2436,2373
2023-05-12,급속,4080,3520,2760,2760,2960,6560,10640,12720,17640,21280,20840,26240,28520,26920,26160,28640,26200,26360,24920,21480,18800,13360,10000,6440
2023-05-13,완속,931,595,378,266,189,280,413,581,658,1078,1099,1204,1295,1358,1603,1603,1862,2149,2254,2506,2436,2562,1904,1876
2023-05-13,급속,3760,3480,3160,3240,3520,6120,10040,12200,14760,17440,21840,20680,22080,21920,22800,23160,19560,19960,19240,15680,13000,11040,8600,5640
2023-05-14,완속,756,616,406,287,280,224,336,483,700,882,1141,1197,1337,1561,1708,1743,2184,2471,2737,2534,2786,2219,1680,1603
2023-05-14,급속,3160,2800,2080,2520,3000,4400,8120,9200,13160,16520,17960,19440,19160,21800,21080,21240,20480,19440,17720,16080,14000,10960,8040,5120
2023-05-15,완속,602,343,238,238,98,203,357,434,1043,924,1092,910,1078,1246,1540,1869,2380,2912,3514,3388,2611,2261,2177,2170
2023-05-15,급속,3280,2800,2120,1720,3000,4800,9320,11240,14840,20000,20360,23520,29880,26080,25880,27000,24640,26040,25400,19600,16760,12480,8360,5560
2023-05-16,완속,854,840,203,217,140,147,343,553,924,952,840,1057,1120,1190,1379,1659,2576,2975,3472,3192,2793,2499,2590,2548
2023-05-16,급속,3680,2560,2400,2320,3080,5480,8760,11600,15000,17920,18840,22240,27480,25440,24360,26960,27600,25960,24560,19880,16960,12880,10160,6520
2023-05-17,완속,749,441,336,196,182,119,371,504,910,875,1050,1267,1211,1260,1540,1904,2492,2758,3346,3220,2835,2786,2359,2338
2023-05-17,급속,3560,3160,2840,2680,3200,5680,9080,11720,16480,20400,22200,24720,28080,26040,26560,26440,27200,27160,24840,20080,17800,11720,10080,6520
2023-05-18,완속,819,553,378,182,161,196,280,441,896,777,931,994,994,1246,1316,1505,2268,2870,3486,3024,2401,2576,2149,2121
2023-05-18,급속,4120,3280,2920,2240,2920,5800,9400,10360,14400,17720,20120,22960,27480,24120,24880,23800,24520,21920,21480,17560,14440,11640,8960,5680
2023-05-19,완속,672,532,329,245,154,154,301,539,910,931,1127,1547,1253,1365,1603,1911,2436,2842,3374,3234,2674,2478,2891,2800
2023-05-19,급속,3640,2880,3160,2600,3240,6280,9680,12040,16400,20280,23280,25040,29640,27560,26080,28320,27920,25240,22960,20280,19600,15120,11320,6840
2023-05-20,완속,903,686,686,371,224,245,252,588,651,966,1057,1085,1309,1428,1414,1701,1897,2086,2247,2443,2408,2233,2212,1547
2023-05-20,급속,3960,4160,2840,4600,4040,6600,10760,12840,14480,17280,20840,21360,24040,23480,23880,25400,22920,20360,20120,17960,14600,10960,7160,5720
2023-05-21,완속,742,595,357,266,175,238,385,497,749,917,931,1134,1344,1603,2009,1820,1960,2191,2646,2625,2471,2317,1806,1743
2023-05-21,급속,3240,3320,2400,2480,3240,4160,6720,9760,13000,14720,18960,18800,18400,19640,20040,18760,21640,18560,17120,15080,13480,9920,7720,5000
2023-05-22,완속,721,714,210,126,105,189,273,462,875,875,959,1113,1183,1358,1456,1568,2331,2737,3241,2912,2485,2268,2226,2198
2023-05-22,급속,3160,2280,2280,1920,2600,4280,8840,11040,15000,18000,21080,23760,27320,22000,25360,25280,25600,23680,23000,17480,16720,12320,9000,5520
2023-05-23,완속,798,784,546,168,154,203,294,434,875,707,966,1162,994,1316,1351,2058,2464,2772,3472,3248,2562,2380,2520,2457
2023-05-23,급속,3880,2800,1720,2600,2680,5920,10120,12920,16320,17360,21200,23960,26840,24720,26520,24440,25960,26760,23560,21600,17600,13000,8600,5680
2023-05-24,완속,840,483,301,196,161,182,224,546,931,840,896,1106,1050,1183,1330,1932,2534,2933,3052,3227,2730,2702,2338,2282
2023-05-24,급속,3160,3080,2880,2320,3120,5800,9440,12480,15760,19280,21120,24240,25560,23960,25720,25720,24200,24640,23440,20160,16760,12280,9960,6560
2023-05-25,완속,882,462,392,182,168,203,322,420,812,812,840,1246,1092,1225,1491,1827,2485,2912,3801,3108,2660,2240,2352,2303
2023-05-25,급속,3480,3240,2400,2800,3160,6080,9360,11560,15680,19560,22160,25240,26560,26480,26440,26560,27240,27960,23120,21520,15960,13440,10120,6600
2023-05-26,완속,763,602,259,245,182,245,287,546,1043,931,917,1267,1379,1239,1540,2058,2324,2891,3500,3199,2758,2457,2751,2674
2023-05-26,급속,4040,2800,3280,2920,3320,5320,9680,12400,16960,19200,20200,25640,27920,27240,27360,28600,28360,25200,24240,22480,18640,14520,12080,7920
2023-05-27,완속,973,945,448,336,252,336,532,567,840,1015,1078,980,1057,1435,1463,1463,1771,1799,2198,2331,2415,2051,1967,1918
2023-05-27,급속,5600,4000,3200,3080,4000,5640,9320,11440,15480,18320,19800,20720,21960,23160,21520,21320,22880,19520,18840,17320,15040,11720,8800,5440
2023-05-28,완속,882,588,364,301,189,224,259,399,525,742,889,1043,1309,1477,1386,1715,1869,1953,2100,2184,2023,2058,1792,1708
2023-05-28,급속,3160,3200,2800,2440,2160,3640,6240,8560,11520,14560,17040,18760,20200,20400,18640,18680,19360,18160,15480,14160,12040,8600,6960,4320
2023-05-29,완속,623,567,546,266,217,154,329,385,623,882,896,959,1281,1400,1505,1659,2289,2464,2611,2569,2177,2499,1820,1757
2023-05-29,급속,3280,2800,1840,2000,2320,3680,5760,7640,12200,13520,17240,19400,21520,19520,20960,20760,20600,20040,18480,15720,15800,10520,8160,5000
2023-05-30,완속,658,413,217,175,98,161,231,497,847,938,952,1071,1113,1113,1379,1659,2303,2947,3423,2982,2716,2436,2429,2366
2023-05-30,급속,3280,2840,2320,2520,3520,4440,7800,10520,15320,18120,19560,22960,26840,26400,26480,25800,26680,24000,23720,19040,16880,11600,9160,5960
2023-05-31,완속,637,623,266,252,154,175,252,476,868,791,812,952,952,1190,1316,1827,2373,2877,3367,3178,2716,2723,2177,2156
2023-05-31,급속,3800,3000,2640,2480,3320,5320,8880,12360,14720,19080,20560,22200,27240,24600,25560,26320,24640,25760,24320,21680,17320,14200,10280,7600
2023-06-01,완속,777,553,273,175,189,217,322,343,903,805,931,1008,1064,1169,1134,1834,2023,2793,3507,3206,2653,2156,2114,2072
2023-06-01,급속,3920,3120,2920,2520,2800,4840,8800,10760,15880,18960,20520,22000,24240,22200,23160,21800,23360,23840,21720,18720,17720,13120,8840,5520
2023-06-02,완속,770,763,322,217,126,259,308,427,945,973,924,1148,1036,1260,1330,1932,2268,3059,3332,3276,2926,2793,2597,1729
2023-06-02,급속,4680,3200,2960,2640,3240,5560,9720,13520,17480,18360,22200,24000,29320,28720,26800,26080,27000,25560,26240,21880,19800,15040,11080,8160
2023-06-03,완속,1092,1078,455,217,245,259,364,546,791,945,1029,1337,1351,1477,1316,1610,1680,2184,2282,2590,2492,2233,2247,1400
2023-06-03,급속,5240,3880,3280,3800,3360,6840,10120,12880,15320,18000,20640,23080,22480,22080,24080,22080,23200,21640,18520,17720,15440,12040,8840,6800
2023-06-04,완속,770,602,483,273,182,308,378,490,644,917,1001,1099,1330,1568,1645,1596,2016,2128,2415,2499,2478,2408,1827,1799
2023-06-04,급속,4520,2720,2720,2200,2720,4640,8920,9680,13200,16480,19400,19480,21560,21600,21880,22640,22600,20120,18120,18160,14600,11600,7960,5080
2023-06-05,완속,581,469,280,189,147,189,231,518,651,854,1071,1043,1204,1148,1358,2002,2219,2583,3143,2779,2555,2415,2352,2317
2023-06-05,급속,3600,3040,2320,2280,2480,6160,9120,12360,16040,17600,21960,26000,29360,27360,26280,26120,26680,25920,22280,19440,16840,13760,9320,6240
2023-06-06,완속,903,588,581,252,231,245,385,441,721,924,938,1015,1211,1365,1484,1701,1981,2394,2310,2583,2457,2513,1960,1897
2023-06-06,급속,3720,3680,2600,3080,3120,5400,8760,9440,14840,15480,18360,19000,20520,21760,22680,22760,22200,20560,18560,16720,16240,10680,9280,5800
2023-06-07,완속,588,434,245,161,77,91,238,560,917,805,840,777,973,1155,1309,1841,2247,3038,3416,2891,2576,2534,2051,1981
2023-06-07,급속,3320,2560,2240,1720,2560,5400,8400,12280,15360,18320,19480,22480,26440,25280,24600,27520,26880,23800,24160,20440,18000,12440,9560,5840
2023-06-08,완속,854,490,490,196,154,161,189,546,840,658,756,1057,1099,980,1316,1925,2247,2828,3325,3276,2457,2646,2464,2415
2023-06-08,급속,3880,3360,2360,2640,3360,5520,9080,12880,16120,18560,20880,21880,27960,24440,23960,26160,27240,25760,23360,21040,17000,13360,10200,6480
2023-06-09,완속,805,539,371,182,189,259,280,511,973,826,833,1148,1127,1120,1379,2002,2163,2905,3171,3213,2681,2688,2688,2639
2023-06-09,급속,3640,3680,3120,2680,3240,6320,10640,13280,18600,19720,20200,25880,28000,25760,25280,27240,26000,27400,25000,22160,17520,14840,10640,7160
2023-06-10,완속,994,973,350,357,273,231,371,588,651,903,1008,1036,1372,1554,1540,1645,1834,1988,2240,2240,2345,2261,2149,2100
2023-06-10,급속,5360,3840,3120,3240,4920,6120,9920,12200,14440,17480,18400,21560,21520,24600,22960,22200,21320,18960,18440,16680,14160,10520,8080,4480
2023-06-11,완속,861,637,371,189,224,224,203,455,623,980,1127,903,1239,1582,1470,1974,1918,2366,2569,2401,2639,2289,2219,1869
2023-06-11,급속,3120,2840,2320,2280,2480,4120,7720,9400,10600,14800,18120,17720,18600,20120,18920,18720,20840,19760,18240,16840,13680,10760,6920,4440
2023-06-12,완속,623,490,483,168,77,168,259,455,959,735,994,994,1001,1078,1281,1834,2394,2667,3472,3059,2436,2555,2107,2051
2023-06-12,급속,2920,2600,1760,1840,2120,6120,9000,11080,15160,18840,19480,24960,26960,25080,24200,26240,25360,23760,23720,19640,15960,11440,9080,6240
2023-06-13,완속,763,728,511,217,168,161,287,532,826,686,763,875,889,1036,1211,1939,2527,2940,3353,2954,2688,2205,2576,2548
2023-06-13,급속,4040,2640,1760,2280,2640,5800,9640,11920,16320,18840,19440,23200,26280,25720,26520,23640,28160,24120,23600,19040,17480,12240,9760,6640
2023-06-14,완속,735,504,392,231,112,133,385,476,777,854,1134,1197,1099,1113,1393,1638,2163,2863,3010,3227,2625,2674,2618,2261
2023-06-14,급속,3800,3640,3000,2480,3960,6080,10040,12040,15960,18360,19960,23560,25840,22120,24480,23360,24760,24280,23760,19920,17600,13480,8320,5560
2023-06-15,완속,770,770,336,238,189,210,301,483,847,728,826,1162,1015,1218,1337,1778,2226,2898,3409,3045,2779,2583,2611,2541
2023-06-15,급속,5040,3480,2840,2440,3640,5880,10320,13320,15440,18720,19840,25120,25880,24680,24360,26600,27440,26200,25400,20680,17560,12760,10080,6600
2023-06-16,완속,861,588,357,238,112,273,336,511,1043,833,1029,1127,1211,1470,1638,1785,2261,2744,3143,2996,2723,2492,2730,2639
2023-06-16,급속,4280,3000,2880,2280,3080,6360,11160,13080,17560,21160,23200,25520,28000,26000,28520,26040,26280,26800,25880,21080,19680,14760,12440,8040
2023-06-17,완속,1001,658,413,343,217,280,392,581,840,1057,1162,1218,1183,1365,1652,1722,1953,1974,2387,2268,2415,2506,2324,2303
2023-06-17,급속,5320,4240,3560,3440,4000,6720,10360,14040,16920,18880,21640,23960,22160,24520,24440,23560,22600,22440,19480,17120,14800,11640,8440,5200
2023-06-18,완속,959,581,469,343,294,238,315,420,735,1022,1064,1106,1449,1680,1652,1708,2072,2387,2443,2604,2716,2597,2058,2023
2023-06-18,급속,3840,3240,2560,2400,3320,5200,7840,10160,12560,15080,17240,19560,20840,19120,19200,19640,20200,18800,18840,17160,15360,10840,8160,4920
2023-06-19,완속,623,399,196,119,154,154,315,434,819,1008,952,1120,1127,1078,1316,1869,2436,2898,3521,3276,2555,2457,2310,2254
2023-06-19,급속,3200,2640,2360,1800,2920,6240,8640,11080,18160,17520,20080,24120,26000,25800,25880,28040,27760,25840,23440,22280,15960,13200,10080,7080
2023-06-20,완속,798,539,336,140,105,196,343,469,910,854,903,1085,1225,1022,1211,1750,2275,2786,3024,3136,2275,2359,2261,2233
2023-06-20,급속,3920,3320,2600,2280,4200,6760,10960,12880,17240,19040,19440,23520,27480,22960,24800,25040,25600,24680,21000,19200,15200,11440,8360,5480
2023-06-21,완속,805,497,266,168,154,196,273,378,784,784,826,903,973,1267,1372,1645,2268,2632,3332,2912,2471,2450,2338,2282
2023-06-21,급속,3520,2720,2440,2280,2440,4800,7720,10840,14400,15880,17520,19840,22640,23320,22640,25040,25000,24440,22440,18920,15800,12080,8640,5760
2023-06-22,완속,714,497,273,224,133,196,294,504,840,749,714,945,875,1022,1323,1778,2352,2800,3353,2919,2681,2723,2331,2296
2023-06-22,급속,4000,3080,2280,2600,2960,6080,10680,12640,16160,18360,20360,24200,26720,26240,26680,27400,28120,25720,23880,19760,16120,13640,10360,7120
2023-06-23,완속,875,868,329,203,133,238,343,567,966,896,840,1169,1015,1092,1491,1988,2338,2807,3437,3213,2359,2569,2849,2807
2023-06-23,급속,4280,3120,2680,2800,3280,6680,9120,12960,18800,19600,23880,25360,28640,27080,27680,28200,29400,27480,24120,22240,20280,14280,11080,7440
2023-06-24,완속,1092,1078,546,210,273,231,385,588,749,973,1148,1239,1253,1561,1652,1652,1939,2009,2289,2219,2408,2485,2352,2303
2023-06-24,급속,5880,3640,3880,3560,3800,6280,11320,12800,16040,19000,20520,21640,25480,24640,24960,23640,22600,23280,19520,18280,15520,12240,9440,6040
2023-06-25,완속,854,833,434,301,182,196,280,406,700,910,1134,1309,1393,1722,1568,1960,2058,2205,2513,2261,2415,2079,1792,1050
2023-06-25,급속,3720,2360,2200,2640,2760,4960,8480,9600,12720,16200,17880,19520,20160,21680,21040,20960,22000,20840,17040,15840,14000,11280,7360,5120
2023-06-26,완속,672,364,329,182,112,77,385,511,903,693,910,1008,1043,1134,1162,1603,2359,2639,3339,2940,2366,2212,2114,2079
2023-06-26,급속,2960,2400,1600,1680,2360,4080,7160,9600,14200,17120,19760,21280,23960,22800,23320,24480,25560,23640,20240,17560,14440,10640,7760,5120
2023-06-27,완속,777,427,420,189,161,203,308,462,651,637,973,1071,1085,1281,1631,1883,2226,2506,3220,2905,2912,2513,2128,2037
2023-06-27,급속,3200,2800,1840,2360,3080,4440,9600,11520,15240,18600,21440,24600,27080,24880,25320,29000,27120,25600,24920,22040,17000,13360,9360,5960
2023-06-28,완속,728,574,315,189,119,140,301,567,917,1057,875,805,1211,1134,1232,2114,2338,2807,3402,3003,2597,2464,2331,2268
2023-06-28,급속,3440,2440,2400,2040,3200,6080,8920,12240,15640,20240,21680,24440,27320,25320,28280,25400,27400,26280,25600,20280,18640,13080,9360,6080
2023-06-29,완속,889,847,364,273,175,231,336,469,700,889,903,1232,1078,1008,1071,1519,1925,2625,3528,2926,2289,2317,1988,1946
2023-06-29,급속,4360,2920,3440,3080,2920,6240,9200,11840,14880,17880,18120,22160,24080,20760,21240,22720,25040,20960,20200,16120,15400,11400,8720,5120
2023-06-30,완속,686,686,224,182,168,259,266,406,1043,959,973,1155,1036,1197,1372,1771,2156,2863,3262,3192,2289,2625,2457,2415
2023-06-30,급속,4200,2720,2880,2320,2800,5320,8400,11160,14800,17600,19600,22200,27480,26680,27000,27000,27720,26520,23800,22120,59040,29160,11480,7440
2023-07-01,완속,868,644,462,210,231,273,406,539,616,952,1218,1211,1190,1554,1456,1442,1785,2009,2240,2618,2289,2492,2338,2289
2023-07-01,급속,3920,4080,4080,3120,4160,6080,10640,12280,14680,16880,19440,21960,22880,23840,23200,22480,22320,22320,20320,18560,15040,12800,9760,6240
2023-07-02,완속,889,616,371,287,196,217,364,406,693,980,1078,1302,1575,1561,1659,1701,2023,2247,2555,2604,2667,2282,1988,1918
2023-07-02,급속,4000,2840,2200,2880,3240,5320,8040,9560,12960,14040,17520,18400,19400,20600,21600,21000,19680,20760,19120,17480,15720,11120,8600,5200
2023-07-03,완속,637,623,196,133,105,182,308,476,896,861,889,1085,1211,1183,1470,1792,2443,3024,3430,3059,2506,2261,2261,2226
2023-07-03,급속,4040,2880,2560,1560,2360,4960,9320,10840,15680,18680,20520,25120,26000,25680,25280,25680,29600,25120,24440,20280,17800,13240,9320,6240
2023-07-04,완속,714,700,301,210,175,210,301,532,812,749,868,1120,1043,1169,1379,1638,1925,2387,2695,3010,2688,2247,2282,2219
2023-07-04,급속,4080,2840,2480,2960,3080,5720,9520,14240,15800,16760,18960,22320,26240,22040,20440,22400,21800,22040,18840,15120,13600,9960,8280,5240
2023-07-05,완속,735,721,252,217,63,189,315,413,917,665,819,1099,1001,1204,1246,1897,2457,2814,2989,3143,2632,2492,2254,2219
2023-07-05,급속,3280,2440,2280,2120,2920,5000,7520,12000,16480,19480,19880,22840,25200,25440,25760,26400,28120,26600,25160,23360,18520,13280,10520,7320
2023-07-06,완속,826,420,294,196,210,252,420,462,889,826,931,973,945,1085,1365,1974,2338,2625,3668,3129,2604,2562,2520,2282
2023-07-06,급속,3920,3640,2960,2280,3280,6000,10280,12160,17600,19360,20560,23800,27000,25520,26360,26080,27760,26640,26200,22600,18320,14120,10040,6560
2023-07-07,완속,749,546,287,287,126,189,357,560,770,980,938,1127,952,1064,1435,1575,2142,2842,3059,2933,2674,2352,2688,2583
2023-07-07,급속,4320,2960,3520,2480,3080,5320,10800,13760,16920,19040,19400,22760,24840,21640,23080,22760,22600,21680,22640,18240,15880,14400,10080,6440
2023-07-08,완속,896,889,511,308,189,266,266,441,742,938,1036,1253,1414,1253,1596,1463,1715,1932,2303,2366,2415,2317,2184,2149
2023-07-08,급속,4720,3120,3240,2360,3400,5560,9480,11880,14760,18360,19920,20440,22800,22960,23040,22360,21360,18480,18680,17040,13680,10040,8040,5360
2023-07-09,완속,651,595,406,217,189,259,336,462,735,889,1106,1148,1372,1477,1596,1904,1729,2121,2450,2212,2513,2184,2135,1617
2023-07-09,급속,4240,3120,2520,2200,2400,4600,8400,9520,13920,12600,17240,19040,18240,19840,19440,21160,19760,19600,17160,16000,12880,10520,6960,4680
2023-07-10,완속,602,336,287,273,98,119,273,497,903,917,875,1057,994,1078,1414,1918,2436,3038,3367,2954,2625,2450,2261,2233
2023-07-10,급속,2760,2640,2320,1640,2800,4000,8840,10360,15320,17080,18720,22880,27280,25960,25880,25200,28160,25240,25840,21280,16560,12560,9200,6200
2023-07-11,완속,735,735,350,203,112,196,336,413,742,798,938,1127,980,1043,1295,1505,1946,2611,3150,3031,2394,2394,2240,2226
2023-07-11,급속,4440,2680,2520,2000,3520,5920,10280,11840,14600,17040,20480,20280,24160,20200,20000,20920,21040,23160,20080,18880,15400,11000,8320,5600
2023-07-12,완속,686,364,308,308,140,154,322,427,819,917,875,1043,868,1113,1323,1981,2240,2842,3507,3150,2499,2765,2366,2303
2023-07-12,급속,4200,3080,2440,1720,2520,4920,8280,12000,15760,19680,21440,24400,25320,23240,23520,25720,27280,26080,24400,22680,18600,14640,10960,6800
2023-07-13,완속,777,420,413,406,126,182,294,518,903,770,833,924,728,1092,1176,1701,1925,2611,3437,2933,2548,2177,2198,2135
2023-07-13,급속,4920,3840,3520,2520,3280,5200,10080,12360,15640,17000,19720,20120,23200,22440,22920,23480,25840,23040,21400,19160,14120,11000,9080,5880
2023-07-14,완속,700,504,329,322,133,147,245,434,896,1022,749,917,959,1113,1323,1603,2149,2702,3234,2695,2198,2338,2387,2345
2023-07-14,급속,3520,3880,2640,1720,2520,4360,7960,11400,13560,16600,17720,22400,24440,22560,23040,25320,24360,23240,20960,18360,16480,12240,9360,6280
2023-07-15,완속,910,462,420,266,210,280,392,469,742,980,1015,1239,1575,1484,1512,1568,1484,2044,2282,2198,2079,2051,2002,1946
2023-07-15,급속,4240,3200,2960,3000,3080,5360,9120,10800,13600,15160,19880,20960,22120,21280,21400,20440,20600,19240,16920,16160,11800,9440,7840,4960
2023-07-16,완속,826,819,406,280,245,189,182,441,665,868,1078,1008,1218,1659,1365,1708,1673,2331,2275,2345,2380,2128,1743,1694
2023-07-16,급속,3600,2520,2240,1920,2080,3960,6760,9040,10400,13280,14960,15040,18360,19000,17360,18640,17560,17400,16640,14840,12480,8240,7520,4600
2023-07-17,완속,553,546,280,147,140,203,343,483,840,798,875,1050,917,1057,1428,1687,1946,2639,3444,3220,2324,2247,2205,2156
2023-07-17,급속,3440,2520,1800,2000,2240,4640,8640,11320,14920,17880,20920,22120,26400,24640,26000,26560,24280,25160,22760,18840,16080,10280,8400,5240
2023-07-18,완속,686,686,336,189,168,175,350,392,721,763,686,917,987,1260,1330,1498,1792,2555,3318,2961,2268,2569,1974,1939
2023-07-18,급속,3520,2560,2240,2280,2880,5600,8080,10840,13200,16320,16680,17680,21200,20680,22080,22400,21720,20320,20840,17640,14920,12760,8200,5840
2023-07-19,완속,735,560,350,217,210,245,245,511,749,707,903,1148,952,1169,1421,1722,2401,2751,3409,3332,2702,2534,2352,1337
2023-07-19,급속,3280,3280,2600,1920,2920,6240,10400,11960,15920,20440,22240,24760,27600,25400,26840,26960,27680,27480,26200,21320,18640,14240,9560,7120
2023-07-20,완속,826,448,315,210,175,210,301,539,756,749,889,1127,1064,1141,1337,1813,2310,2779,3668,2765,2520,2597,2597,2541
2023-07-20,급속,4120,3520,2720,2320,3040,6880,9520,12720,17640,19120,21840,24880,28000,26200,25720,27800,28080,26560,25520,21120,19560,13720,10200,6480
2023-07-21,완속,777,777,343,189,210,196,287,539,833,987,1022,1148,1183,1078,1596,1799,2184,2800,3192,2786,2555,2800,2576,1533
2023-07-21,급속,5160,3520,2800,2480,3960,6240,10520,14040,18040,20440,22680,24280,27120,27240,26280,27520,27680,28440,26400,23480,20120,16040,11400,8080
2023-07-22,완속,896,595,455,301,231,273,315,588,756,903,1071,1148,749,1505,1603,1582,1680,2121,2303,2058,2002,2142,1792,1757
2023-07-22,급속,5520,4560,3360,3200,4080,6400,10120,12840,15760,17560,19760,17280,14520,24640,21840,20440,19280,19840,17320,14160,11920,9600,7560,4880
2023-07-23,완속,910,441,427,245,196,175,294,378,574,1015,1043,840,1127,1463,1554,1701,1904,2296,2163,2191,2219,1939,1806,1771
2023-07-23,급속,3680,3320,2040,2400,2360,3920,6760,8240,10280,11960,15560,16120,18520,17040,19520,17960,18560,17960,15960,13480,11960,9080,7280,4120
2023-07-24,완속,672,651,224,154,84,140,224,378,714,812,833,875,1015,987,1330,1820,2107,2821,3304,2576,2408,2352,2247,2226
2023-07-24,급속,3000,2120,1520,1920,2240,4520,9000,10920,14160,16920,20600,22280,25920,24480,24320,24920,26800,23440,22800,18640,16680,10640,8880,6160
2023-07-25,완속,553,511,224,196,77,196,287,476,469,833,889,952,1085,1148,1372,1869,2422,2541,3360,2786,2667,2310,2233,2205
2023-07-25,급속,4040,3160,2520,2760,2880,5200,9720,12440,15200,18440,19840,22680,25000,24880,25160,26800,27120,26920,23960,21960,17720,12800,9400,6120
2023-07-26,완속,707,700,588,182,168,196,266,371,616,784,1155,1022,1253,1414,1477,1883,2296,2835,3059,3017,2457,2443,2422,2366
2023-07-26,급속,4920,3240,2160,2720,3200,5680,10800,12840,16960,18800,21520,23600,25480,26240,27480,28080,28160,28280,23400,22720,18040,13400,10600,7040
2023-07-27,완속,826,476,301,224,175,189,357,567,749,833,1064,1148,1092,1134,1414,1981,2506,2898,3430,2779,2856,2548,2345,1491
2023-07-27,급속,4520,3520,3680,2840,2640,6440,11200,14160,18960,21400,20960,24320,28480,27960,27040,30480,30280,29040,28840,22320,19480,14320,10360,7760
2023-07-28,완속,924,889,441,210,147,182,287,553,861,924,1225,1211,1351,1379,1764,1890,2114,2870,3416,3171,2646,2611,2632,2555
2023-07-28,급속,4880,3000,3120,2480,4040,6240,12320,14600,17640,20800,21240,26240,28520,25960,29000,28840,29960,28120,24960,23560,20760,15520,11840,8520
2023-07-29,완속,952,952,378,210,238,238,455,476,924,1099,1190,1274,1274,1617,1694,1827,1855,2184,2303,2443,2590,2485,2121,1463
2023-07-29,급속,6360,4120,3840,3400,4080,6680,11680,13240,16880,19240,22280,24080,24480,23080,26720,25200,24720,24080,20680,20480,17320,14000,8720,6680
2023-07-30,완속,749,525,378,210,189,259,378,497,707,987,1281,1127,1302,1561,1736,1925,1722,2282,2569,2401,2422,2352,1841,1799
2023-07-30,급속,4400,3400,3160,2840,3200,5320,8800,10880,13240,17000,18560,19840,20920,22280,21240,23960,22000,20800,19280,18920,16840,12640,8560,4960
2023-07-31,완속,763,357,161,147,84,133,252,357,777,819,952,1106,987,1267,1428,1939,2317,2870,3122,2793,2674,2366,2058,2016
2023-07-31,급속,4560,2920,2240,2200,2480,6560,10320,12640,18040,18800,22120,23840,26400,25400,26200,26040,27520,27880,25280,22480,16920,13640,10080,6680
2023-08-01,완속,819,427,406,154,175,182,322,511,763,854,1120,1113,1127,1365,1379,1967,2373,2702,3031,3010,2513,2653,2450,2401
2023-08-01,급속,4240,3720,2480,2480,3080,6480,10960,13520,15920,18520,22600,26360,27880,25640,27800,28040,29800,25320,24600,23520,19400,14760,11640,7840
2023-08-02,완속,595,476,280,273,119,168,280,518,756,917,1239,1190,1267,1477,1708,1960,2492,2618,3500,3031,2604,2604,2366,2324
2023-08-02,급속,3760,3720,3120,2280,2840,7120,10240,13880,17280,22160,23120,27320,26760,27640,28080,27480,29080,29240,25960,22600,17400,13600,10200,6800
2023-08-03,완속,735,427,329,224,175,182,385,609,672,980,1036,1288,1498,1386,1442,2002,2359,2926,3381,3059,2632,2478,2408,2380
2023-08-03,급속,4560,3480,2880,2840,3960,7680,10280,14160,17120,20880,21960,24640,29800,27760,29320,29920,29000,26800,25600,23680,18360,14440,10840,7440
2023-08-04,완속,952,462,364,175,133,224,329,588,826,882,1141,1281,1085,1589,1764,2051,2212,2758,3213,3066,2835,2674,2618,2569
2023-08-04,급속,4680,3960,2760,2880,3600,6160,10720,14520,19480,21240,22400,26840,27440,27440,30000,29760,28560,28400,26360,23880,18320,15400,11600,7360
2023-08-05,완속,1071,644,315,245,210,217,420,511,749,1022,1232,1302,1435,1512,1526,1939,1869,1939,2296,2303,2324,2604,2233,2177
2023-08-05,급속,5800,4520,3040,4000,3880,6360,10800,14160,16160,19120,20080,22200,23600,24520,22800,25360,23240,21400,21840,19840,17160,11920,9880,5840
2023-08-06,완속,903,560,385,259,175,266,280,518,700,861,1085,1246,1568,1428,1659,1855,1995,2506,2254,2590,2751,2177,1778,1701
2023-08-06,급속,5080,3680,2840,2200,2640,4840,9880,10600,13640,16320,18720,19120,20400,21080,21560,21560,20360,19520,19120,17880,14360,11960,8880,5360
2023-08-07,완속,574,560,203,133,98,175,273,441,756,924,1176,1260,1141,1414,1603,1904,2394,2870,3444,3059,2646,2226,2156,2128
2023-08-07,급속,4280,2760,2520,2440,2200,5440,9200,12080,16840,19200,20280,24440,29120,26720,26200,26520,28680,28440,23960,21360,16680,13480,9840,6960
2023-08-08,완속,756,448,385,161,70,175,329,574,721,931,1001,1428,1358,1484,1694,1897,2590,2947,3416,3136,2506,2387,2436,2373
2023-08-08,급속,4440,3080,3080,3280,2880,6120,9920,14200,18080,20240,23640,26960,29200,25720,26840,26680,30160,25360,26040,23440,19360,15080,10800,7240
2023-08-09,완속,735,469,455,210,140,140,315,609,665,826,1302,1225,1218,1246,1253,1869,2205,2737,3234,2912,2688,2366,2009,1946
2023-08-09,급속,4600,3320,2240,2840,3120,6080,9080,15520,17080,20000,20760,23720,25320,24400,24920,25480,24400,21960,20480,17880,14240,10160,8640,5360
2023-08-10,완속,805,448,448,126,133,77,189,413,721,882,805,1162,1078,1120,1162,1589,1974,2618,3563,2884,2254,2191,1610,1589
2023-08-10,급속,3240,3480,2520,1840,2000,4320,5480,8120,9360,12400,13560,15880,18880,19520,19320,20400,19760,19920,19440,16280,14080,9120,8040,5000
2023-08-11,완속,763,749,238,175,112,140,217,490,630,784,1260,1533,1162,1218,1330,1967,2240,3024,3157,3031,2499,2415,2408,2338
2023-08-11,급속,3560,2320,2400,1960,2160,5200,8720,11360,16120,18480,21520,23080,26080,26720,27680,26560,27800,26480,24000,21200,16120,13200,11240,7760
2023-08-12,완속,973,651,406,308,245,189,343,476,735,777,1022,1078,1225,1323,1470,1582,1617,2093,2464,2030,2331,2233,2240,2219
2023-08-12,급속,5240,4080,3080,3000,3280,5120,10040,13440,14800,17760,21000,20000,24880,24840,23200,22160,21680,19560,18760,16160,13680,10080,9000,5720
2023-08-13,완속,819,595,392,196,182,217,420,441,630,966,1050,1092,1372,1575,1540,1526,1960,2254,2555,2310,2520,2212,1820,1393
2023-08-13,급속,4040,3200,2400,2920,3240,4080,7640,9840,12280,15680,17920,18920,21320,20160,22640,20640,23320,21560,20960,17400,14800,11320,8280,6160
2023-08-14,완속,665,658,266,266,98,154,259,546,749,784,1071,1099,1057,1176,1666,1911,2205,2639,3269,2919,2485,2380,2107,1540
2023-08-14,급속,3960,2640,2400,1800,2920,5200,9840,11720,15440,19280,22680,25760,27240,26560,27880,27560,28000,26640,25520,20160,15960,12520,9360,6840
2023-08-15,완속,721,413,315,322,210,98,322,546,868,987,1022,952,1309,1309,1561,1806,1925,2247,2506,2590,2534,2100,1946,1925
2023-08-15,급속,4080,3360,3160,2920,3760,5200,8720,13040,13640,15440,18640,19640,21000,21400,22360,21680,22680,20960,19520,18200,12960,10560,9280,5840
2023-08-16,완속,763,392,238,126,119,112,350,602,994,777,903,1141,1155,1246,1526,1932,2485,3087,3234,3017,2681,2289,2149,2114
2023-08-16,급속,3840,2760,2440,2320,3240,5640,9840,11000,15560,20280,21680,23560,24880,25160,26640,26360,29040,27880,26320,20760,17320,12120,9880,6360
2023-08-17,완속,721,469,273,273,154,168,238,518,896,833,966,1246,1001,1022,1533,1911,2205,2597,3283,3297,2569,2527,2429,2394
2023-08-17,급속,4240,3440,3320,2120,2840,5880,10160,13480,16320,18920,22200,24640,25760,24440,26960,25720,28720,25680,25240,21360,18160,13840,10240,7120
2023-08-18,완속,854,511,385,168,133,147,350,602,826,896,1190,994,1274,1204,1456,2107,2114,2814,3234,3038,2968,2506,2415,1834
2023-08-18,급속,4440,3760,3600,2960,3920,6680,9800,12880,16960,19960,20600,24600,28080,26000,27040,29440,28560,25680,23760,21520,17880,13560,10080,8200
2023-08-19,완속,868,574,392,273,252,175,420,546,742,987,1183,1148,1400,1638,1540,1519,1778,2156,2415,2401,2352,2212,1939,1442
2023-08-19,급속,5440,4320,2720,3400,4120,6800,9120,12240,15400,18640,20880,22400,22600,22360,22360,23400,23160,22000,18120,16840,15560,11280,7920,6000
2023-08-20,완속,924,532,427,301,175,161,364,406,735,1050,1239,1232,1414,1568,1568,1897,1981,2289,2408,2282,2310,2261,2100,2065
2023-08-20,급속,4040,3320,2040,3320,2600,4200,8200,10080,12320,16440,18160,19400,19440,21160,19760,20680,19400,20880,19560,16800,15920,10800,7560,4720
2023-08-21,완속,672,364,238,84,56,154,280,574,854,889,1078,1099,1099,1113,1260,2170,2261,2814,3388,2898,2520,2261,2191,1960
2023-08-21,급속,3400,2720,2160,2480,2560,5680,9680,12400,16240,17520,19000,23320,26560,25920,26640,24600,28800,29280,23400,21680,16440,13640,9280,5960
2023-08-22,완속,644,476,287,189,140,140,308,497,763,994,938,1085,1029,1477,1351,1890,2198,2793,3150,3010,2618,2156,2170,1372
2023-08-22,급속,4240,3160,2520,2640,3200,5920,9360,12480,14080,17720,20240,24280,25880,24240,24800,26040,24760,23240,22840,19480,16720,11560,8800,6600
2023-08-23,완속,721,455,441,161,154,231,280,504,903,812,1120,1050,1008,1120,1183,1813,2296,2618,3052,3045,2436,2464,1848,1813
2023-08-23,급속,4160,3400,2600,2840,3320,5680,9640,12320,15240,17720,20520,22120,23880,24600,24360,21520,24880,21720,20800,17920,14800,10640,8320,5440
2023-08-24,완속,714,707,245,210,168,168,259,378,910,896,875,1008,1316,1008,1337,1715,2093,2856,3416,2863,2345,2282,2282,2219
2023-08-24,급속,4120,2800,2360,2360,3480,4720,8080,11760,14960,17200,19880,22640,26320,24440,25120,24520,24640,22840,22600,19000,14360,11760,9240,5920
2023-08-25,완속,784,770,336,168,168,140,280,518,1008,952,1036,1134,1022,1134,1505,1764,2114,2639,3514,3255,2765,2541,2499,1869
2023-08-25,급속,4760,3400,2720,2400,3280,4760,10160,13240,16400,19600,21600,22760,26200,28640,25240,28080,27920,24520,24000,22280,19080,14840,11520,8000
2023-08-26,완속,1015,609,378,315,252,273,315,518,784,1001,1043,1169,1526,1561,1477,1519,1799,2163,2184,2198,2359,2121,2268,2233
2023-08-26,급속,5440,4000,3720,2880,4440,5400,10000,12560,15640,17760,19080,23440,23080,23800,23080,23400,21440,20160,19840,17760,13640,11280,9680,5440
2023-08-27,완속,847,819,420,224,252,203,210,483,595,1071,1358,1134,1386,1498,1785,1806,1967,2240,2688,2338,2485,2121,1827,1148
2023-08-27,급속,4160,2840,2480,2640,2920,3600,7760,10360,13320,15000,16680,18000,20960,19160,22720,21160,21800,18960,17600,16280,14360,10720,8160,5640
2023-08-28,완속,595,581,217,119,147,133,385,518,707,910,931,938,1064,1092,1372,1582,2044,2702,3094,3234,2247,2219,2058,1995
2023-08-28,급속,3440,2240,2640,2200,2240,4800,7840,12000,14680,17440,17320,21320,23320,24760,25840,26440,26720,22640,21000,17880,15800,10560,8640,5880
2023-08-29,완속,742,406,392,154,140,140,252,448,889,728,826,1148,1099,1197,1365,1743,2205,2583,3451,2877,2408,2212,2037,1400
2023-08-29,급속,3640,2920,1880,2680,3360,5080,9200,13160,14200,16400,18600,21080,23760,20680,22600,21160,21760,21640,19360,18040,16200,10560,8320,5640
2023-08-30,완속,742,483,287,161,133,119,308,469,714,763,875,875,959,1015,1421,1568,2275,2422,3122,3227,2380,2303,2093,2044
2023-08-30,급속,3520,3360,2360,2080,2840,4640,9080,10280,13840,15720,18560,22320,23880,23440,22360,23360,21160,22880,19960,17400,13520,11720,8640,5840
2023-08-31,완속,735,371,364,168,147,140,273,483,945,868,952,1337,1155,1043,1442,1841,2310,2709,3451,3199,2478,2401,2317,2296
2023-08-31,급속,3520,3640,2440,2080,2920,5160,8720,11400,15760,18720,21160,24000,26280,24720,26640,26640,27480,24960,24360,20320,16680,12720,10160,6760
2023-09-01,완속,931,462,294,259,140,203,329,427,889,889,784,1197,1036,1148,1337,1603,2107,2702,3220,3045,2625,2639,2464,2422
2023-09-01,급속,4320,3480,2280,2760,2600,5320,10680,12720,17400,18840,20640,24520,26040,24720,25440,24880,26040,24320,22400,20800,18360,13880,10000,6400
2023-09-02,완속,931,567,448,371,175,147,322,399,840,938,1001,987,1330,1449,1449,1554,1841,1974,2219,2282,2471,2268,2009,1617
2023-09-02,급속,4520,4080,3560,3480,3120,4400,8880,12640,15760,16440,19280,22320,22600,22480,22680,22160,20600,20280,16440,15920,14040,10280,6880,5920
2023-09-03,완속,756,742,567,259,196,210,329,357,637,1099,1148,1246,1330,1491,1617,1785,2072,2457,2387,2555,2450,2191,1638,1113
2023-09-03,급속,3880,2800,2040,2160,3200,4120,8240,8800,11920,14760,17000,17480,18400,20680,19800,21120,20560,20800,17120,16160,13000,9840,7960,5960
2023-09-04,완속,721,693,252,119,91,112,287,441,917,1022,791,1036,1078,1064,1386,1890,2198,3094,3374,2919,2611,2198,1890,1841
2023-09-04,급속,3920,2440,2600,2160,2040,5080,9040,10920,16320,18080,20440,22680,28000,24640,23840,24160,25040,25040,22760,19080,15240,10920,8240,5400
2023-09-05,완속,728,490,448,168,147,112,280,392,805,791,854,1155,917,1064,1197,1855,2324,2730,3206,3052,2751,2443,2051,2023
2023-09-05,급속,4120,3840,2440,2000,3200,5080,9320,11040,16840,19400,17720,23280,26560,23680,25720,25240,25240,23600,22040,18600,15960,11760,9640,6080
2023-09-06,완속,728,714,287,168,147,105,245,553,854,840,938,1246,1071,1008,1253,2065,2366,2730,3423,3122,2471,2373,2261,2184
2023-09-06,급속,4200,3000,2440,1920,3920,6080,10560,13480,15280,19320,20320,23840,25840,23920,25040,24320,26000,25400,23520,20600,15320,13000,10120,6480
2023-09-07,완속,756,490,315,189,119,168,385,560,756,777,959,1008,1092,924,1260,1764,2261,3052,3325,3241,2464,2597,2219,2163
2023-09-07,급속,3960,3200,2520,2600,3560,5600,9240,11640,16240,18800,20920,24120,26640,25480,22320,25520,25680,25680,23440,20720,17160,13560,10240,6880
2023-09-08,완속,679,665,315,238,98,140,322,595,994,833,1120,1218,1127,1218,1575,1995,2170,2870,3395,3304,2625,2660,2555,2464
2023-09-08,급속,4640,3320,3400,3120,3480,6120,11800,13120,16840,19240,19960,23960,27320,23400,26400,25760,26720,22600,24120,20040,17640,13400,10440,7320
2023-09-09,완속,973,672,399,280,252,238,385,630,861,945,1120,1204,1288,1575,1680,1771,1743,1883,2247,2499,2401,2240,2009,1981
2023-09-09,급속,5200,3720,3360,3160,4400,5640,10480,11640,14320,16720,19400,20280,22080,22680,25000,22320,21040,21320,16880,17320,14600,11280,7960,5200
2023-09-10,완속,826,511,497,231,203,203,322,385,784,1190,1211,1302,1351,1358,1694,1918,2002,2450,2513,2562,2310,2247,2149,1680
2023-09-10,급속,3680,3160,2080,2480,2520,3760,8840,10400,13080,14560,16040,16640,19120,19480,20440,21160,19560,18920,19760,14720,13600,10400,6680,5000
2023-09-11,완속,623,476,189,175,77,119,294,574,833,889,952,1057,1099,1162,1337,1904,2086,2702,3486,3080,2632,2254,2324,2247
2023-09-11,급속,3320,2640,2360,1560,2240,5160,9720,11720,16080,17120,19840,22320,26080,26480,24120,24800,26040,23760,22080,19880,15200,10480,10120,6720
2023-09-12,완속,707,497,280,203,147,175,273,525,833,700,1036,1141,931,882,1295,1673,2065,2947,3528,3269,2429,2296,2100,2072
2023-09-12,급속,3600,3280,2600,2640,2880,5080,10200,13480,16600,17200,17720,23960,25600,24760,24480,25280,26480,24760,22640,19320,15080,12520,10000,6520
2023-09-13,완속,616,602,546,147,133,119,287,483,861,973,1022,1204,945,1036,1113,1575,1862,2541,3213,2814,2688,2450,2219,2177
2023-09-13,급속,4440,3040,2360,2280,3160,5920,9320,12800,16600,17960,19280,22400,22960,22080,23080,21400,23600,22600,19680,18520,14520,10600,8200,5400
2023-09-14,완속,672,672,280,217,98,161,343,553,784,931,959,959,959,910,1253,1743,2184,3010,3283,3115,2296,2233,2177,2289
2023-09-14,급속,3640,2080,2560,2760,2720,5800,9520,14120,15640,18160,18760,23840,23200,24360,23720,24480,24200,24360,20720,19640,15880,12880,8680,5240
2023-09-15,완속,847,490,483,245,175,105,294,609,868,763,735,1078,1015,1057,1477,1638,2226,2730,3066,3234,2611,2331,2247,2212
2023-09-15,급속,4200,3640,2440,2920,3160,5040,9360,11400,15080,17960,17640,22040,25880,25200,23920,23720,24320,23600,21680,17720,16880,13240,10320,7040
2023-09-16,완속,889,861,378,280,196,182,371,476,623,854,952,1064,1372,1281,1505,1631,1799,2128,2408,2373,2163,2002,1897,1862
2023-09-16,급속,4520,3160,2920,3120,3080,5480,8720,12200,12680,15560,17840,19120,20280,19920,19360,20600,17600,16640,15560,13640,11560,9280,7200,4920
2023-09-17,완속,777,455,266,259,280,182,350,434,637,1022,1204,1134,1288,1547,1694,1841,2016,2632,2520,2562,2345,2051,1736,1694
2023-09-17,급속,2880,2400,3120,2040,3160,4080,5840,8720,12120,15040,17400,18040,19320,20000,18440,21840,21360,19880,17600,15400,12760,9520,7360,4840
2023-09-18,완속,567,560,231,126,98,105,315,511,721,875,791,994,812,1036,1463,1750,2205,3045,3423,3038,2485,2338,2170,2093
2023-09-18,급속,4360,3120,1880,1760,2560,5320,9560,12160,14520,18240,19360,22600,25480,26800,24960,25400,27040,27680,24920,21640,16560,12480,10360,7000
2023-09-19,완속,798,434,427,196,119,133,329,343,826,770,1050,889,903,1057,1183,1897,2128,3094,3227,2975,2429,2408,2415,2387
2023-09-19,급속,4040,3120,2520,2480,2920,5040,10600,12960,15720,19000,20720,21480,27920,24360,23720,25880,28640,25200,22200,20800,17040,12440,10240,7160
2023-09-20,완속,714,707,280,168,140,147,308,476,798,924,784,889,1029,945,1260,1610,2030,2695,3073,3087,2576,2275,2009,1953
2023-09-20,급속,4480,3120,2560,2440,3000,6240,9600,12160,14360,17040,18160,20000,21560,20720,20280,20400,22320,19080,17320,16960,14120,11040,8920,6160
2023-09-21,완속,798,441,434,280,105,140,308,413,1001,868,980,1211,910,994,1239,1750,2149,2597,3325,3164,2541,2352,2261,2212
2023-09-21,급속,4120,3720,2720,2080,3360,5480,10160,12040,15480,18040,20120,21480,26080,23360,25440,24520,25720,24200,22160,20680,15640,11880,10040,6320
2023-09-22,완속,987,511,280,196,140,203,245,581,1057,1099,952,1148,903,1064,1414,1715,1988,2772,3465,3248,2737,2653,2261,2191
2023-09-22,급속,3800,3640,2840,3040,2960,6000,10440,11520,17600,18880,20760,23760,25960,25280,24640,24320,26160,24520,21480,20240,19040,15120,11640,7520
2023-09-23,완속,889,875,371,287,203,210,364,609,826,973,1106,1155,1295,1414,1477,1645,1778,2177,2583,2569,2366,2443,1876,1813
2023-09-23,급속,5440,3520,3600,3400,4080,5560,9680,11920,14480,17000,18760,20280,22360,23600,22160,22000,22200,19720,19480,15600,12480,9840,8000,4960
2023-09-24,완속,784,448,308,203,245,203,343,532,672,1085,1183,1071,1225,1687,1463,2093,2114,2282,2891,2695,2457,1925,1869,1813
2023-09-24,급속,3360,2680,1960,2800,2840,3800,6320,10320,13080,15920,17280,17200,20320,20680,19280,20400,21800,20840,17520,15280,12480,8320,9000,5760
2023-09-25,완속,434,371,224,126,105,140,294,595,833,959,931,924,959,1134,1344,1834,2198,2821,3262,3157,2562,2478,2128,2107
2023-09-25,급속,3680,2480,2120,1760,2120,4640,7680,12640,15600,18920,17880,22800,25840,24240,24600,25720,26880,24240,21960,18240,15000,9520,9400,6240
2023-09-26,완속,770,742,392,161,161,133,259,413,805,917,728,966,1092,1043,1330,1603,1995,2709,3129,3465,2618,2492,2240,2184
2023-09-26,급속,4440,2800,2320,2760,2800,4320,7560,11000,14800,17360,19200,22280,25920,21480,21880,22800,25560,21000,20080,17960,17600,11000,9640,6120
2023-09-27,완속,889,511,322,203,175,210,308,553,994,875,896,1148,1204,1582,1785,2135,2576,3108,3430,3038,2744,2786,2352,1883
2023-09-27,급속,5320,4200,2840,3480,3520,5920,9200,13160,17080,19480,22200,23920,27040,26920,25040,28680,27200,25120,22840,18960,16800,14200,11720,8520
2023-09-28,완속,1022,602,490,392,273,294,315,735,1015,1134,1274,1533,1428,1477,1729,1736,1995,2240,2541,2380,2324,2142,1722,1358
2023-09-28,급속,5240,4400,3720,3760,4000,5680,8560,10960,15560,16760,19560,20920,21320,21080,23160,23600,22920,22120,18480,15080,13000,10920,9000,6800
2023-09-29,완속,679,455,336,119,105,140,357,497,833,938,1113,1183,1246,1498,1414,1736,1904,2261,2114,1995,2051,2282,1792,1253
2023-09-29,급속,3760,3400,2840,2320,2800,4400,6920,11280,12040,13840,17040,17760,18680,20920,19880,21080,22600,19400,17840,14920,11560,10720,7760,5880
2023-09-30,완속,728,721,245,133,168,196,315,371,553,875,903,980,1078,1148,1617,1176,1771,1799,2387,2359,2205,2023,1687,1260
2023-09-30,급속,3400,2000,2000,1640,2280,2880,7920,10000,12840,16560,18840,18440,20400,20680,21760,22600,20560,21680,18160,14360,12720,11360,8720,5360
2023-10-01,완속,833,469,441,266,217,168,273,329,609,910,1015,1001,1155,1099,1295,1505,1666,1890,2219,2352,2380,2317,1575,1505
2023-10-01,급속,4200,2600,2080,1840,2200,3760,6360,8800,13000,16280,20680,20320,22440,20200,22760,22960,21600,20240,18200,15320,12320,9960,7440,6000
2023-10-02,완속,861,854,364,203,168,168,210,434,651,875,1036,1001,980,1127,1288,1344,1771,2142,2212,2436,2324,2247,1722,1708
2023-10-02,급속,4200,3000,2560,2280,2800,3480,6880,10840,13440,16720,19400,20000,21200,20600,21480,21640,21760,22720,17960,14320,11560,10000,7760,4800
2023-10-03,완속,763,525,511,280,175,126,217,476,630,854,959,1120,1176,1141,1526,1596,1855,2611,2513,2359,2212,1925,1547,1141
2023-10-03,급속,3720,3360,1960,2040,2400,4160,6720,8920,11640,14720,15360,19680,20160,18640,20080,20280,20560,19480,17440,14120,12280,9440,7200,5320
2023-10-04,완속,679,364,280,98,112,77,175,518,749,749,721,819,1092,994,1519,1757,2226,2863,2996,2856,2464,2149,1708,1638
2023-10-04,급속,2720,2280,1640,1840,1920,4320,8960,9800,14000,16200,17600,19440,22600,21560,20960,21720,21720,23280,17480,17280,13640,9320,7480,4760
2023-10-05,완속,679,658,392,182,91,203,259,399,756,903,840,903,840,868,1127,1526,2163,2877,3297,3290,2429,2268,2051,2030
2023-10-05,급속,4000,2560,2040,1800,2920,5320,8560,11680,12800,17360,17880,22960,24240,24120,22400,21040,25560,23320,20720,18560,15880,12080,9560,6520
2023-10-06,완속,700,448,441,266,147,126,252,511,847,854,1043,1029,1029,1295,1316,1764,2170,3143,3073,3045,2632,2352,2289,2247
2023-10-06,급속,4080,3480,2520,2200,2880,4880,9560,12640,16480,18240,20160,23520,25480,24360,24240,25120,25400,24160,21280,19080,15520,11720,10200,6760
2023-10-07,완속,1071,1036,385,231,217,245,364,581,749,826,1001,1022,1316,1274,1449,1505,1589,2380,2359,2338,2093,1925,1421,1162
2023-10-07,급속,5000,3440,3120,3040,3040,4880,8800,12280,14880,18000,18600,19960,21400,21720,21600,19120,20080,17360,17520,13640,11360,9080,6600,4960
2023-10-08,완속,854,497,322,280,161,140,301,455,595,728,980,770,1141,1421,1246,1393,1813,2156,2625,2240,2093,1848,1729,1687
2023-10-08,급속,3680,2440,1960,1520,2600,3480,7280,8960,12520,14560,16560,16800,19960,19200,21240,19760,19960,18320,16360,12320,11320,9000,7000,4200
2023-10-09,완속,693,420,420,217,161,189,266,385,672,693,917,994,1288,1323,1386,1708,1904,2632,2548,2366,2408,2009,1736,1701
2023-10-09,급속,2680,2680,1640,2280,2400,3960,6280,9840,13240,14560,15160,18440,20480,17000,20800,19040,21360,19360,16520,14440,12080,9200,7080,4640
2023-10-10,완속,616,602,245,126,105,119,266,483,945,833,889,1078,1057,980,1372,1673,2093,2842,3178,2807,2506,2317,2289,2233
2023-10-10,급속,3280,2040,1560,1720,1840,4160,7800,10240,15160,16760,16880,21400,23880,23440,22960,23760,23080,24000,20960,19400,14440,12160,8960,5480
2023-10-11,완속,819,805,308,301,140,112,245,518,756,798,952,1092,868,896,1260,1827,2226,2695,3458,2926,2359,2191,2100,2072
2023-10-11,급속,4520,3160,2480,1560,2920,5320,8560,11600,14440,18000,20520,20960,24200,23480,23160,23800,23640,23280,20280,19360,14080,11280,9760,6200
2023-10-12,완속,700,672,364,231,196,133,273,490,798,679,742,1022,966,1029,1204,1771,2191,2870,3304,3199,2674,2289,2044,2002
2023-10-12,급속,3000,2320,2640,1960,3240,4560,9680,12200,16920,18360,20360,21360,24320,21400,24240,23360,24280,23440,21160,19920,15280,10640,8840,5920
2023-10-13,완속,728,420,406,196,182,168,245,574,1015,959,854,1036,1204,1064,1554,1771,2394,2744,3521,3143,2751,2268,2296,1603
2023-10-13,급속,3680,3360,2320,1960,3400,4880,8600,13240,17680,17720,19040,23040,23720,24520,24360,26640,23880,23480,19600,19200,14440,12120,10360,7160
2023-10-14,완속,931,658,406,231,287,196,259,525,826,875,1057,1148,1190,1512,1589,1442,1638,2107,2310,2191,2100,2065,1799,1330
2023-10-14,급속,4200,3440,2560,2640,3400,5520,8680,10960,13160,15360,18680,20000,21440,19920,19320,20440,19680,17920,16560,14880,12120,9360,7240,4840
2023-10-15,완속,798,476,385,294,175,154,231,413,483,1113,910,931,1232,1456,1526,1722,2065,2569,2877,2450,2261,2051,1442,938
2023-10-15,급속,3320,2640,2680,2040,2080,3320,6080,9840,11720,16280,19040,18440,17120,17400,18800,19560,19200,18800,15640,13920,12240,9320,7280,5440
2023-10-16,완속,483,399,399,133,91,126,231,385,833,840,973,1057,903,987,1085,1652,2142,2793,3423,3255,2219,2289,2128,2072
2023-10-16,급속,3520,2920,1960,1720,2200,4440,6680,12320,16040,17520,18160,20160,23520,22760,22520,22200,25560,25520,20520,16720,14800,9680,9400,5840
2023-10-17,완속,616,609,294,196,98,119,175,371,728,686,875,1155,938,945,1337,1750,2079,2758,3619,3262,2331,2268,2149,2121
2023-10-17,급속,3840,2800,2160,2160,3320,4800,9520,12440,15720,18320,18440,21400,25800,23440,21560,24480,23920,23520,19640,19960,15640,11440,8440,5840
2023-10-18,완속,602,455,329,119,182,154,259,434,847,784,924,917,980,1015,1169,1918,2079,3073,3227,2835,2296,2457,2373,1974
2023-10-18,급속,4000,2920,2240,1840,2960,5280,8920,12920,16360,17160,19920,23400,25880,22440,23440,22640,24560,24560,22960,19960,16240,12520,8720,5880
2023-10-19,완속,707,707,357,147,126,119,273,427,875,847,980,1036,1057,952,1316,1771,2100,2989,3528,2975,2401,2233,2247,2198
2023-10-19,급속,4040,2960,2960,2360,3760,4680,7760,12760,14720,17040,18200,20240,24960,21000,22880,22240,25440,20920,21160,17440,14680,11880,8560,5920
2023-10-20,완속,889,875,308,189,140,140,203,567,1050,833,994,973,987,1155,1407,1953,2205,3094,3290,3150,2583,2611,2317,2275
2023-10-20,급속,4120,2840,2480,2320,2720,4840,8440,13320,18200,19840,19440,22360,25320,23840,27000,24960,25720,26200,23360,19560,15720,12760,10120,6840
2023-10-21,완속,763,539,357,266,196,245,273,525,721,1001,1022,1134,1316,1561,1603,1449,1750,2142,2548,2359,2387,2240,2009,1127
2023-10-21,급속,4560,4160,3600,3840,3640,4760,9480,12360,15000,17120,21200,21880,23120,24120,22320,25200,20920,22560,17360,16000,13440,9960,8120,5800
2023-10-22,완속,763,511,378,231,217,189,252,469,742,1092,1001,1029,1330,1547,1540,1827,2016,2541,2793,2534,2331,1995,1953,1029
2023-10-22,급속,3840,3000,2280,2600,2800,3840,6760,9920,14160,14080,17680,19120,20160,19760,19680,19040,19840,19600,17880,13760,12640,10520,6160,5640
2023-10-23,완속,609,336,329,112,70,105,189,455,917,917,861,1141,833,1197,1211,1876,2184,2982,3164,2968,2408,2128,1960,1911
2023-10-23,급속,3160,2680,1760,1600,2320,4280,8120,11400,14840,19080,19040,24880,25720,23800,23960,25120,24280,24040,20360,18200,14280,11520,8160,5400
2023-10-24,완속,637,623,196,133,119,133,217,448,700,910,917,938,903,1120,1211,1708,2296,2996,3486,2779,2702,2065,1862,1848
2023-10-24,급속,3560,2720,1840,2240,2520,4360,8280,11040,16120,18360,18840,22960,22680,22280,22880,22280,24480,22760,21280,17200,14120,11120,8120,5840
2023-10-25,완속,777,483,245,245,161,168,315,413,798,721,686,847,1071,952,1365,1778,2177,2758,3304,2982,2569,2163,2086,2065
2023-10-25,급속,3840,2920,2480,2200,3000,5160,8920,12400,14880,17840,19920,21000,24680,23600,23640,24480,23960,23040,21880,18920,14480,12080,8120,5520
2023-10-26,완속,749,469,462,133,168,112,252,518,756,756,826,910,959,1057,1323,1680,2212,2919,3374,2954,2457,2352,2142,2072
2023-10-26,급속,3600,2920,2000,2680,2960,5000,8560,10960,16560,19000,19960,22120,24920,23160,23640,23640,25120,22960,20800,17120,14520,11000,8240,5400
2023-10-27,완속,756,413,301,154,182,140,322,406,903,854,938,980,1106,1211,1330,1806,2275,2968,3395,2954,2786,2324,2359,2317
2023-10-27,급속,3200,3160,2360,2040,3160,5320,8920,12440,17800,19240,20080,23880,26520,24280,26760,25800,24320,24800,21760,20280,16200,12360,10960,7080
2023-10-28,완속,987,973,322,287,245,98,308,441,721,889,1127,1120,1239,1211,1582,1701,1904,2317,2597,2359,2268,2261,1834,1799
2023-10-28,급속,5360,3520,3840,3240,3760,5280,9040,12320,15520,17560,20960,22200,22480,23480,22440,21400,21680,20080,17320,14840,13080,10680,7560,4760
2023-10-29,완속,749,714,308,266,231,147,252,469,616,910,1043,1260,1260,1428,1400,1750,2247,2576,2821,2548,2317,1925,1512,1092
2023-10-29,급속,4360,3000,2440,2480,2800,3880,5720,10720,12400,16240,18360,19440,21520,20000,20240,21920,20160,21040,17280,15080,12680,10480,8200,5720
2023-10-30,완속,581,574,189,161,56,147,196,441,840,735,861,1008,826,833,1162,1764,2128,3010,3430,2996,2338,2177,2156,2142
2023-10-30,급속,3600,2640,1440,1880,3400,4240,9320,11080,15880,18520,19760,21040,21760,23920,23880,22960,26080,22760,21000,17360,14040,11480,9160,5800
2023-10-31,완속,700,686,406,119,168,119,266,490,889,812,763,840,868,966,1302,1624,2086,3045,3192,2933,2485,2457,2205,2177
2023-10-31,급속,4000,2560,2080,1880,2840,5120,8920,12200,14640,18640,20960,23440,22440,22120,22920,23480,21480,23320,20360,19240,16400,10920,8040,4960
2023-11-01,완속,812,469,322,168,154,133,259,448,777,854,917,1260,966,945,1365,1967,2233,2856,3423,2954,2254,2359,1925,1883
2023-11-01,급속,3840,2800,2120,1760,3440,4040,8760,12080,15160,17840,20320,23800,24400,24120,21480,23680,23520,23920,20000,17240,14920,10160,7440,5320
2023-11-02,완속,686,504,490,168,133,126,273,476,784,931,784,1022,889,1071,1127,1645,2485,3087,3381,2933,2387,2380,2296,2205
2023-11-02,급속,3160,3440,2120,2120,2880,4920,8320,11960,15480,17560,18320,21960,23560,23680,23000,22680,24440,22800,18680,18040,15480,11640,7920,5440
2023-11-03,완속,693,693,385,217,224,154,259,602,777,847,959,1393,1071,994,1239,1561,2198,2856,3353,3192,2604,2289,2128,2086
2023-11-03,급속,4280,3120,2280,2160,3040,4600,7440,12040,17320,18880,20800,22760,24680,24640,26000,25600,21560,24560,20280,17080,16040,12960,9440,6040
2023-11-04,완속,1050,553,546,350,224,196,287,588,749,1001,1001,952,1071,1344,1498,1610,1631,2114,2114,2142,2198,2093,1848,1169
2023-11-04,급속,4240,3600,2480,2800,3400,5400,6560,10160,13720,16520,17640,21000,21560,21240,22200,20680,20560,18480,15880,12320,12920,9360,6040,4760
2023-11-05,완속,707,413,413,287,168,126,238,497,581,700,1022,1050,1106,1421,1596,1743,1890,2471,2604,2492,2177,1841,1533,938
2023-11-05,급속,3480,2560,2360,2200,2480,3800,4960,8520,10360,12400,16400,16200,18000,17480,17600,18440,17120,17320,14440,11720,9080,8480,6240,4680
2023-11-06,완속,539,315,308,161,147,126,182,378,791,973,1050,854,994,910,1302,1694,2205,2968,3192,3066,2555,2485,2135,2107
2023-11-06,급속,3000,2760,1560,1480,2080,3600,6120,7800,11760,15840,18760,22360,23880,21400,23640,23760,24600,23960,21560,16560,12960,8880,8680,6040
2023-11-07,완속,805,770,210,154,154,119,224,504,819,665,686,1085,875,1057,1456,1792,2408,3122,3241,3017,2380,2310,2310,2254
2023-11-07,급속,4000,2840,2200,2240,3000,4000,8640,11880,15280,18560,21520,24280,24720,25600,24960,24760,26920,25200,21360,20440,17160,12520,9080,6200
2023-11-08,완속,742,532,294,238,112,168,322,462,910,735,896,945,1127,1064,1414,1750,2394,3059,3444,3066,2597,2401,2051,2016
2023-11-08,급속,4160,3560,3280,2360,2880,5480,9440,13520,17680,20200,21800,23520,27000,26800,25280,26520,27400,25280,22680,18560,14400,11960,9040,6080
2023-11-09,완속,770,427,266,161,112,133,252,567,777,749,1001,938,1008,1008,1421,1904,2275,2870,3423,3073,2513,2387,2247,2191
2023-11-09,급속,4080,3640,2880,2360,3320,5040,9000,11160,16840,18640,20600,25520,24840,23160,24320,26680,23920,22640,20280,18560,15160,11000,8480,5960
2023-11-10,완속,707,504,273,196,112,161,259,602,1036,910,1043,1211,1239,1330,1575,1932,2457,2898,3563,2968,2786,2723,2443,2380
2023-11-10,급속,3880,3040,3200,2400,2720,5280,8960,12680,17520,21160,22120,24080,27280,25400,27000,27320,28840,26240,23880,19600,18880,12920,12200,8400
2023-11-11,완속,980,665,658,259,238,182,210,469,714,1113,1099,1141,1246,1568,1652,1533,1806,2156,2499,2513,2597,2170,2079,2002
2023-11-11,급속,5080,5040,3840,3480,3800,4960,8520,12480,17760,20840,21800,23960,25400,25320,25920,24680,23680,21760,19520,17120,14160,11280,9040,5280
2023-11-12,완속,854,833,476,252,154,112,252,483,791,1022,1260,1309,1428,1582,1757,1960,2261,2674,2716,2471,2450,2009,1715,1666
2023-11-12,급속,4760,3040,2480,3080,2440,4000,6080,10560,15920,17280,20280,20760,23120,23520,23560,23080,25560,22400,20640,16320,14600,11840,9080,6040
2023-11-13,완속,623,616,322,133,147,91,301,483,966,819,1008,1407,1162,1281,1477,2163,2625,3283,3549,3052,2373,2436,2191,2135
2023-11-13,급속,4480,2840,2120,1680,2640,4760,8680,12840,18920,21800,23400,27680,31920,28760,27440,28560,30800,29400,23240,20200,17960,12400,10600,6920
2023-11-14,완속,686,679,308,105,63,126,245,497,882,882,980,1169,1155,1148,1456,1981,2464,3122,3514,2996,2534,2380,2037,2009
2023-11-14,급속,4160,3080,2080,2440,4040,5120,9840,13760,19720,20960,25000,26720,27960,28600,26520,26680,27040,26440,22200,19440,17680,12880,10920,7960
2023-11-15,완속,721,392,252,147,126,119,259,567,938,1113,1099,1267,987,1169,1414,1953,2730,2863,3458,3059,2772,2387,2142,2058
2023-11-15,급속,3480,3080,2640,3200,3240,5240,9040,12840,16680,21240,23000,25360,27840,26600,25920,27600,27120,26080,22360,20440,17160,12840,10520,6840
2023-11-16,완속,658,644,336,231,126,147,336,588,770,875,1001,1043,1071,1120,1491,1771,2345,3171,3808,3122,2520,2121,2184,2135
2023-11-16,급속,4280,3400,2520,2600,3640,5480,9120,13680,16760,20960,22880,24400,25720,23960,26080,26560,26040,24320,22400,20160,16080,13680,11320,8280
2023-11-17,완속,742,693,280,224,126,161,238,504,1050,1050,1232,1176,1218,1295,1498,1862,2366,3577,3689,3171,2632,2513,2471,2450
2023-11-17,급속,4400,3200,2800,2400,2800,5360,9480,13200,21080,24120,25000,27160,30760,28320,29240,30440,30440,28240,26120,21800,19880,15120,11960,8720
2023-11-18,완속,770,651,371,245,196,112,308,518,721,1225,1379,1211,1309,1526,1778,1820,2212,2275,2744,2359,2317,2296,1827,1372
2023-11-18,급속,5400,4880,3880,3160,4200,5520,8240,14040,19000,23200,24440,27720,28400,26240,28680,26080,26600,24560,21320,16560,15400,12000,9400,6560
2023-11-19,완속,749,462,287,210,168,154,245,385,777,980,1099,1309,1449,1568,1701,1953,2191,2653,2618,2436,2310,2016,1505,1484
2023-11-19,급속,4200,3400,2640,2440,2880,4200,6360,10680,14320,17640,21440,21840,22120,22440,22360,23120,22240,21000,17160,16280,12040,10520,8840,5480
2023-11-20,완속,511,504,224,196,42,161,273,532,903,1001,966,1071,1022,1260,1414,1883,2359,3150,3451,3213,2485,2247,2163,2142
2023-11-20,급속,3320,2360,2040,2200,3000,5280,8920,12160,16720,20120,22440,24080,27040,26840,27120,26360,27440,25120,22440,18720,15280,11240,9280,6480
2023-11-21,완속,686,336,252,154,154,133,217,413,826,833,1092,1099,910,952,1155,2170,2373,3199,3178,3213,2604,2366,2156,2121
2023-11-21,급속,3920,3320,2760,2360,2920,5560,9040,13160,16120,20760,23080,26040,27640,25880,25320,26240,27480,25200,23000,19800,15680,13200,9800,6920
2023-11-22,완속,791,777,231,182,84,105,238,469,805,707,896,1239,1099,1295,1421,1932,2310,3136,3283,3164,2324,2121,1939,1883
2023-11-22,급속,4080,2840,2240,2120,2720,5440,8080,14160,17120,21360,22560,24360,26040,25880,27280,26080,26320,23680,22960,19040,15320,12400,8960,5880
2023-11-23,완속,826,812,280,210,161,147,315,455,742,840,994,994,1260,1183,1379,1526,2233,3325,3325,3199,2688,2254,2387,2352
2023-11-23,급속,4720,3240,2320,2320,3080,5320,8840,11680,16560,17520,21560,23160,25920,24520,24640,24880,25800,24240,22440,19400,15440,11880,9160,5800
2023-11-24,완속,728,721,329,168,98,112,266,497,966,966,952,1029,1351,1281,1106,1491,2198,3262,3619,3325,2695,2478,2429,2338
2023-11-24,급속,4600,3200,2640,2080,2800,6200,8640,12880,17800,21160,22960,28960,29880,29000,27480,30800,28760,27800,28600,22320,18960,16640,13280,9400
2023-11-25,완속,868,630,378,259,231,126,280,623,903,1190,1386,1533,1561,1603,1365,1862,1960,2310,2548,2317,2387,2086,1946,1911
2023-11-25,급속,6400,4520,4240,3800,3920,5680,9520,12120,19720,23560,25720,26440,27160,28120,28160,25920,27720,23760,21840,18360,16880,12600,9600,6480
2023-11-26,완속,826,812,504,217,140,196,182,350,672,1015,1204,1302,1351,1673,1967,1932,2366,2779,2653,2527,2191,1988,1960,1484
2023-11-26,급속,4640,3360,2200,2720,3240,3960,6600,10160,15160,19360,21000,23640,24240,22880,23520,23200,23520,22040,18960,17480,14200,11120,7440,5600
2023-11-27,완속,483,476,203,196,105,84,224,483,770,875,1127,1288,1106,1099,1540,1687,2688,3024,3339,3136,2492,2107,1939,1897
2023-11-27,급속,4400,2960,2120,1560,1960,5000,7760,12000,16200,17680,21760,25360,26960,28640,27520,26960,28040,25520,21800,17840,14680,11680,9000,6000
2023-11-28,완속,714,707,441,140,126,133,175,476,763,994,966,1155,1288,1281,1568,1904,2520,3220,3360,3416,3304,2331,2149,2100
2023-11-28,급속,4080,3000,2320,2640,2920,5080,8920,12720,16640,19400,21440,25320,29000,27600,28440,28320,28440,25800,23720,22760,16200,13040,11240,8120
2023-11-29,완속,714,399,399,154,98,154,266,427,966,945,1176,1225,1050,1183,1603,2016,2674,3325,3668,3346,2702,2583,2261,2212
2023-11-29,급속,4240,3720,2680,2600,3320,5360,8520,13320,17400,22520,23520,27400,30480,28800,29560,28640,28400,27680,23200,21440,18280,14480,11040,7760
2023-11-30,완속,756,735,322,175,119,210,343,455,980,1001,987,1323,1211,1309,1568,2114,2492,3227,3983,3199,2849,2394,2310,2254
2023-11-30,급속,5760,3840,3720,2680,3600,5280,9240,14880,19520,22640,24960,29880,32760,31920,28760,32320,30720,30760,30680,24200,20040,14960,12880,8800
2023-12-01,완속,798,770,315,133,196,140,273,595,1106,1190,1155,1106,1099,1225,1708,2184,2408,3297,3682,3500,2499,2429,2226,2191
2023-12-01,급속,5080,3600,3760,3200,4000,5560,9440,14240,22680,25240,24920,30560,33200,32120,32000,34280,32960,28960,26560,23240,20840,14760,12760,8480
2023-12-02,완속,1008,714,336,280,210,112,252,504,840,1148,1386,1393,1449,1652,1715,1568,1925,2429,2401,2415,2394,2107,1750,1736
2023-12-02,급속,5440,4840,4040,3400,4840,5240,9240,12480,16920,24360,24240,24720,26360,25000,25880,27280,24720,20160,17400,15840,13400,11480,8600,5560
2023-12-03,완속,805,553,364,280,140,189,231,392,679,938,1232,1197,1484,1596,1673,2086,2331,2653,2485,2527,2387,1974,1806,1743
2023-12-03,급속,4200,3240,2360,2360,2080,3400,5600,9520,12560,17000,20920,21080,22200,21960,22680,21400,23880,20400,18040,15640,14240,11120,9040,6400
2023-12-04,완속,490,476,231,119,91,154,245,497,1036,826,1099,1057,1071,1071,1428,2030,2471,3486,3458,2961,2415,2219,1911,1883
2023-12-04,급속,4320,2920,2080,1800,2600,4640,8200,14440,17600,21920,25040,27440,28880,26120,28840,27480,28160,25800,23480,19840,14840,11200,8240,5800
2023-12-05,완속,728,714,280,182,77,140,231,476,847,805,1127,1183,1253,980,1281,1988,2541,3178,3339,3346,2254,2128,2044,2002
2023-12-05,급속,3440,2520,2440,2080,3240,5040,8720,12440,17440,19640,22760,26400,28160,27000,27320,27120,26800,24680,22520,18720,15640,12480,9800,6520
2023-12-06,완속,749,525,518,203,133,119,189,441,938,714,994,1197,1134,1204,1470,1876,2366,2751,3668,2954,2303,2338,2072,1379
2023-12-06,급속,4080,3760,2640,2080,3360,5040,7960,13480,17320,21280,22640,26040,29200,27280,24960,25320,25200,23680,21320,19480,14400,12960,8520,6440
2023-12-07,완속,644,462,308,308,105,161,252,455,840,924,980,1036,910,896,1260,1799,2527,3136,3605,3017,2527,2156,2254,2205
2023-12-07,급속,3480,2880,3240,2360,3040,5520,8480,11960,16960,19840,23720,26280,29040,27760,26560,26840,28440,26680,21520,18240,15480,11280,9440,6800
2023-12-08,완속,805,784,357,182,189,175,189,399,1071,959,1134,966,1120,1176,1288,1855,2191,2891,3206,2856,2653,2583,2058,2002
2023-12-08,급속,4280,3080,2920,2920,2800,4960,8440,12320,18800,20440,22040,26520,27880,26480,25240,25680,28320,24200,21520,19160,15640,10520,9360,6320
2023-12-09,완속,938,616,616,231,210,175,175,441,735,868,1099,1099,1267,1323,1365,1673,2065,2086,2261,2198,2226,1995,1869,1813
2023-12-09,급속,4520,3840,2600,3320,3720,4400,7200,10400,14960,16320,19240,21280,23320,21920,21960,20040,18960,18600,15840,13000,10840,9240,7960,5240
2023-12-10,완속,938,917,413,238,161,175,168,294,637,777,1071,1169,1365,1505,1624,1967,1953,2716,2415,2338,2156,1729,1456,1400
2023-12-10,급속,3280,2480,2600,2760,2560,2840,5240,7320,12520,13320,15560,17480,18760,19280,19640,19680,19280,17400,16320,12560,11760,8720,6880,4720
2023-12-11,완속,490,483,245,126,84,105,245,427,861,938,847,980,1043,994,1218,1568,2121,2695,3430,2961,2324,2051,1792,1743
2023-12-11,급속,3400,2240,1920,1440,2160,3920,6920,8720,14360,14240,17640,20200,20160,19840,22360,22840,21960,18640,17240,15120,13040,10800,9000,6160
2023-12-12,완속,735,392,378,112,98,168,154,413,924,952,1134,1127,938,1155,1421,1841,2415,3283,3276,3010,2464,2415,2247,2212
2023-12-12,급속,3200,2960,2040,2040,2680,4760,7760,11000,16520,19320,21160,25240,28000,24160,26400,25480,27920,25480,23440,19680,14880,10520,9160,5760
2023-12-13,완속,665,644,364,364,119,147,217,511,959,938,952,1071,987,1092,1407,1715,2275,3353,3297,2849,2296,2401,1897,1848
2023-12-13,급속,3600,2720,2560,1840,3280,4400,8280,12280,17880,19840,22600,23640,27880,26440,25760,25960,26200,25120,22560,18960,14880,12600,9080,6520
2023-12-14,완속,770,490,483,210,119,126,273,385,812,945,1001,959,1099,1183,1400,1708,2016,2975,3472,2835,2408,2177,2268,2198
2023-12-14,급속,3920,3680,2560,2640,2800,4840,7720,11200,16520,16960,20520,22600,25240,24240,23760,24000,24440,21440,19680,16560,13120,11120,9080,5960
2023-12-15,완속,693,511,350,350,175,126,252,392,987,994,1218,1001,1288,1057,1470,1659,2478,3073,3283,2835,2450,2352,2205,2135
2023-12-15,급속,3560,2720,2840,2360,2880,4520,8080,10080,15640,18480,19760,23200,25560,27160,26280,28560,26400,27680,23360,19800,14960,13280,9840,6480
2023-12-16,완속,889,609,371,231,203,175,315,455,791,1190,1281,1498,1589,1911,1834,2023,2093,2632,2695,2387,2128,2296,1925,1841
2023-12-16,급속,4960,4280,3440,3200,4080,4400,7040,10400,15480,19480,24360,25560,27520,27360,27160,27760,27880,24880,21280,18840,15600,12360,10280,6280
2023-12-17,완속,833,392,357,308,175,112,224,322,658,1043,1330,1568,1526,1918,1960,2128,2352,2863,2842,2373,2471,1855,1638,1617
2023-12-17,급속,4760,4520,3880,3240,3200,3680,4800,8320,12520,16400,20520,24400,24720,25640,26120,26720,25120,25000,20160,17760,15840,14240,10600,7680
2023-12-18,완속,700,686,343,140,84,140,273,504,1036,1064,1120,1547,1197,1281,1722,2135,2590,3752,3808,3388,2576,2527,2184,2149
2023-12-18,급속,5320,3560,2600,2400,3680,5480,8400,12720,20320,23040,27800,31920,35840,34640,34600,36160,36040,31520,29240,24680,21400,15840,12120,8840
2023-12-19,완속,651,644,287,168,147,182,245,399,1071,994,1197,1246,1148,1197,1484,2338,2723,3521,3815,3059,2485,2317,2408,2338
2023-12-19,급속,6000,4680,2800,2800,3920,4640,9200,13680,21080,24560,26440,31280,32880,31400,30800,34600,32960,30360,25800,22720,20080,16200,13080,9360
2023-12-20,완속,882,861,413,154,161,119,259,532,966,1029,1141,1085,1099,1113,1575,2233,2926,3507,4046,3262,2681,2625,2387,2359
2023-12-20,급속,5280,3560,2840,2520,2880,5040,7800,12400,18080,21800,24080,29280,33080,32280,31080,32160,33640,29200,28360,25040,20920,15480,13600,9560
2023-12-21,완속,707,462,399,154,126,147,266,441,1190,1267,1435,1169,1169,1407,1680,2310,2863,3549,3843,3241,2744,2478,2240,2149
2023-12-21,급속,6120,4720,3880,3840,3480,5800,9760,12400,20800,26200,27440,31920,35360,34600,33240,37080,35280,31760,31000,27840,20880,18320,13520,9920
2023-12-22,완속,728,721,343,182,168,119,294,532,1190,1218,1190,1603,1379,1540,1750,2170,2583,3535,3857,3283,2842,2632,2534,2485
2023-12-22,급속,6760,4800,4640,3680,3800,6480,9920,15560,22240,27200,30520,35360,40240,38320,37400,38160,40040,33240,30480,26840,24040,19640,16240,11760
2023-12-23,완속,896,896,392,392,147,182,238,406,840,1309,1316,1456,1547,1771,1659,1967,2086,2457,2548,2478,2499,2191,1946,1911
2023-12-23,급속,7360,4880,5720,3880,4120,5040,8320,13160,19520,23120,27760,29920,33000,31720,31440,29720,30000,24560,21600,18040,16000,13760,10680,7600
2023-12-24,완속,749,728,357,315,140,140,168,364,588,917,1183,1281,1379,1379,1470,1925,2065,2324,2450,2198,2072,2037,2002,1106
2023-12-24,급속,5520,3720,3560,2560,2440,3960,5240,8920,12280,17960,20840,22920,24800,25080,25840,25600,22600,20240,16520,15120,12080,11440,8000,6240
2023-12-25,완속,693,413,406,231,154,140,154,308,609,672,1050,1162,1386,1344,1806,1680,2002,2541,2534,2436,2191,2023,1981,1533
2023-12-25,급속,3760,3840,2520,2160,2240,3560,4480,8400,12400,14320,19040,21680,22080,25000,25120,23640,23240,20960,17320,15280,12920,12240,8240,5760
2023-12-26,완속,665,665,301,168,140,154,154,343,931,1057,1008,1239,1379,1162,1323,1995,2478,3220,3066,2695,2471,2114,1890,1862
2023-12-26,급속,4480,3000,1880,2280,2960,5160,8200,11720,17000,21240,23400,25560,32120,26160,28280,26400,29480,25520,19760,17440,14040,11440,9160,6600
2023-12-27,완속,686,497,329,210,91,98,175,392,784,840,1001,1197,1169,1134,1498,1813,2394,3115,3409,3143,2485,2499,2058,2037
2023-12-27,급속,3720,2800,2520,2040,2760,3600,7320,9920,13720,15440,23080,26720,27680,25640,25880,27360,28480,24160,23280,20320,16240,13120,10080,7000
2023-12-28,완속,784,777,315,189,119,133,182,504,819,994,1092,1162,1085,1057,1344,1953,2387,3150,3549,2772,2331,2338,2170,2142
2023-12-28,급속,4800,3640,3080,2520,3120,5080,7880,11720,18200,20440,22960,26600,28160,27280,26360,28640,28160,24400,23320,20080,15960,13120,10080,7040
2023-12-29,완속,847,826,525,427,105,140,161,518,1127,980,1092,1302,1176,1295,1617,1995,2576,3192,3010,2730,2422,2296,2219,2107
2023-12-29,급속,5160,3680,2920,2400,3320,6200,7720,11920,17920,22880,23200,27240,30280,26840,27800,26120,25680,24360,23520,19480,16280,12840,11200,7200
2023-12-30,완속,889,567,539,301,231,210,175,441,700,1043,1204,1379,1379,1323,1470,1596,1890,2058,2247,1897,1883,1876,1813,1757
2023-12-30,급속,4480,4480,3280,2640,3920,4720,6720,10760,13640,17880,22720,23120,24520,24280,23640,22200,22760,20600,15280,13240,10960,9600,8240,4960
2023-12-31,완속,763,399,343,210,140,182,210,406,574,812,945,973,1316,1414,1547,1813,1792,2051,2058,1897,1645,1736,1694,1134
2023-12-31,급속,3240,2920,2040,2240,2440,2640,3920,6560,10440,12640,18280,19320,21240,21880,23200,24320,23120,19480,15320,14000,12440,10880,7360,5400
